[
  {
    "type": "overmap_special",
    "id": "farm_horse",
    "overmaps": [
      { "point": [ 0, 0, 0 ], "overmap": "horse_farm_1_north" },
      { "point": [ 1, 0, 0 ], "overmap": "horse_farm_2_north" },
      { "point": [ 2, 0, 0 ], "overmap": "horse_farm_3_north" },
      { "point": [ 3, 0, 0 ], "overmap": "horse_farm_4_north" },
      { "point": [ 3, 0, 1 ], "overmap": "horse_farm_4_roof_north" },
      { "point": [ 0, 1, 0 ], "overmap": "horse_farm_5_north" },
      { "point": [ 1, 1, 0 ], "overmap": "horse_farm_6_north" },
      { "point": [ 2, 1, 0 ], "overmap": "horse_farm_7_north" },
      { "point": [ 2, 1, 1 ], "overmap": "horse_farm_7_hayloft_north" },
      { "point": [ 2, 1, 2 ], "overmap": "horse_farm_7_roof_north" },
      { "point": [ 3, 1, 0 ], "overmap": "horse_farm_8_north" },
      { "point": [ 0, 2, 0 ], "overmap": "horse_farm_9_north" },
      { "point": [ 0, 2, 1 ], "overmap": "horse_farm_9_roof_north" },
      { "point": [ 1, 2, 0 ], "overmap": "horse_farm_10_north" },
      { "point": [ 1, 2, 1 ], "overmap": "horse_farm_10_roof_north" },
      { "point": [ 2, 2, 0 ], "overmap": "horse_farm_11_north" },
      { "point": [ 3, 2, 0 ], "overmap": "horse_farm_12_north" },
      { "point": [ 0, 3, 0 ], "overmap": "horse_farm_13_north" },
      { "point": [ 0, 3, 1 ], "overmap": "horse_farm_13_2ndfloor_north" },
      { "point": [ 0, 3, 2 ], "overmap": "horse_farm_13_roof_north" },
      { "point": [ 1, 3, 0 ], "overmap": "horse_farm_14_north" },
      { "point": [ 2, 3, 0 ], "overmap": "horse_farm_15_north" },
      { "point": [ 3, 3, 0 ], "overmap": "horse_farm_16_north" }
    ],
    "connections": [ { "point": [ 1, 4, 0 ], "terrain": "road", "connection": "local_road", "from": [ 1, 3, 0 ] } ],
    "locations": [ "field" ],
    "city_distance": [ 5, -1 ],
    "city_sizes": [ 1, -1 ],
    "occurrences": [ 0, 2 ],
    "flags": [ "CLASSIC", "FARM" ]
  },
  {
    "type": "overmap_special",
    "id": "rest_stop",
    "overmaps": [ { "point": [ 0, 0, 0 ], "overmap": "roadstop_north" }, { "point": [ 0, 0, 1 ], "overmap": "roadstop_roof_north" } ],
    "connections": [ { "point": [ 0, -1, 0 ], "terrain": "road", "existing": true, "from": [ 0, 0, 0 ] } ],
    "locations": [ "land" ],
    "city_distance": [ 10, -1 ],
    "occurrences": [ 0, 2 ],
    "flags": [ "CLASSIC", "WILDERNESS" ]
  },
  {
    "type": "overmap_special",
    "id": "roadstop_a",
    "overmaps": [
      { "point": [ 0, 0, 0 ], "overmap": "roadstop_a_north" },
      { "point": [ 0, 0, 1 ], "overmap": "roadstop_a_roof_north" }
    ],
    "connections": [ { "point": [ 0, -1, 0 ], "terrain": "road", "existing": true, "from": [ 0, 0, 0 ] } ],
    "locations": [ "land" ],
    "city_distance": [ 10, -1 ],
    "occurrences": [ 0, 2 ],
    "flags": [ "CLASSIC", "WILDERNESS" ]
  },
  {
    "type": "overmap_special",
    "id": "roadstop_b",
    "overmaps": [
      { "point": [ 0, 0, 0 ], "overmap": "roadstop_b_north" },
      { "point": [ 0, 0, 1 ], "overmap": "roadstop_b_roof_north" }
    ],
    "connections": [ { "point": [ 0, -1, 0 ], "terrain": "road", "existing": true, "from": [ 0, 0, 0 ] } ],
    "locations": [ "land" ],
    "city_distance": [ 10, -1 ],
    "occurrences": [ 0, 2 ],
    "flags": [ "CLASSIC", "WILDERNESS" ]
  },
  {
    "type": "overmap_special",
    "id": "Apple Orchard",
    "overmaps": [
      { "point": [ 0, 0, 0 ], "overmap": "orchard_processing_north" },
      { "point": [ 1, 0, 0 ], "overmap": "orchard_tree_apple_north" },
      { "point": [ 2, 0, 0 ], "overmap": "orchard_tree_apple_north" },
      { "point": [ 3, 0, 0 ], "overmap": "orchard_tree_apple_north" },
      { "point": [ 0, 1, 0 ], "overmap": "orchard_stall_north" },
      { "point": [ 1, 1, 0 ], "overmap": "orchard_tree_apple_north" },
      { "point": [ 2, 1, 0 ], "overmap": "orchard_tree_apple_north" },
      { "point": [ 3, 1, 0 ], "overmap": "orchard_tree_apple_north" },
      { "point": [ 0, 2, 0 ], "overmap": "orchard_tree_apple_north" },
      { "point": [ 1, 2, 0 ], "overmap": "orchard_tree_apple_north" },
      { "point": [ 2, 2, 0 ], "overmap": "orchard_tree_apple_north" },
      { "point": [ 3, 2, 0 ], "overmap": "orchard_tree_apple_north" },
      { "point": [ 0, 3, 0 ], "overmap": "pond_field_north" },
      { "point": [ 1, 3, 0 ], "overmap": "orchard_tree_apple_north" },
      { "point": [ 2, 3, 0 ], "overmap": "orchard_tree_apple_north" },
      { "point": [ 3, 3, 0 ], "overmap": "orchard_tree_apple_north" },
      { "point": [ 0, 0, 1 ], "overmap": "orchard_processing_roof_north" },
      { "point": [ 0, 1, 1 ], "overmap": "orchard_stall_roof_north" }
    ],
    "connections": [ { "point": [ -1, 1, 0 ], "terrain": "road", "connection": "local_road", "from": [ 0, 1, 0 ] } ],
    "locations": [ "wilderness" ],
    "city_distance": [ 5, -1 ],
    "occurrences": [ 0, 2 ],
    "flags": [ "CLASSIC", "FARM" ]
  },
  {
    "type": "overmap_special",
    "id": "Dairy Farm",
    "overmaps": [
      { "point": [ 0, 0, 0 ], "overmap": "dairy_farm_NW_north" },
      { "point": [ 1, 0, 0 ], "overmap": "dairy_farm_NE_north" },
      { "point": [ 0, 1, 0 ], "overmap": "dairy_farm_SW_north" },
      { "point": [ 0, 1, 1 ], "overmap": "dairy_farm_SW_roof_north" },
      { "point": [ 1, 1, 0 ], "overmap": "dairy_farm_SE_north" },
      { "point": [ 1, 1, 1 ], "overmap": "dairy_farm_SE_roof_north" }
    ],
    "connections": [ { "point": [ 0, 2, 0 ], "terrain": "road" } ],
    "locations": [ "field" ],
    "city_distance": [ 5, -1 ],
    "occurrences": [ 0, 2 ],
    "flags": [ "CLASSIC", "FARM" ]
  },
  {
    "type": "overmap_special",
    "id": "Derelict Property",
    "overmaps": [ { "point": [ 0, 0, 0 ], "overmap": "derelict_property_north" } ],
    "locations": [ "wilderness" ],
    "city_distance": [ 1, -1 ],
    "occurrences": [ 0, 4 ],
    "flags": [ "CLASSIC", "WILDERNESS", "MAN_MADE" ]
  },
  {
    "type": "overmap_special",
    "id": "Hunting Blind",
    "overmaps": [ { "point": [ 0, 0, 0 ], "overmap": "hunting_blind_north" } ],
    "locations": [ "wilderness" ],
    "city_distance": [ 30, -1 ],
    "occurrences": [ 0, 5 ],
    "flags": [ "CLASSIC", "WILDERNESS", "MAN_MADE" ]
  },
  {
    "type": "overmap_special",
    "id": "tree farm",
    "overmaps": [ { "point": [ 0, 0, 0 ], "overmap": "TreeFarm_1a_north" }, { "point": [ 1, 0, 0 ], "overmap": "TreeFarm_1b_north" } ],
    "connections": [ { "point": [ 0, -1, 0 ], "terrain": "road" } ],
    "locations": [ "forest" ],
    "city_distance": [ 5, -1 ],
    "occurrences": [ 0, 2 ],
    "flags": [ "CLASSIC", "FARM" ]
  },
  {
    "type": "overmap_special",
    "id": "desolate barn",
    "locations": [ "land" ],
    "city_distance": [ 10, -1 ],
    "overmaps": [ { "point": [ 0, 0, 0 ], "overmap": "desolatebarn_north" } ],
    "occurrences": [ 0, 5 ],
    "flags": [ "CLASSIC", "WILDERNESS", "MAN_MADE" ]
  },
  {
    "type": "overmap_special",
    "id": "Rest_Area",
    "overmaps": [
      { "point": [ 0, 0, 0 ], "overmap": "s_restparking_1_north" },
      { "point": [ 1, 0, 0 ], "overmap": "s_restparking_2_north" },
      { "point": [ 0, 1, 0 ], "overmap": "s_reststop_1_north" },
      { "point": [ 0, 1, 1 ], "overmap": "s_reststop_1_roof_north" },
      { "point": [ 1, 1, 0 ], "overmap": "s_reststop_2_north" },
      { "point": [ 1, 1, 1 ], "overmap": "s_reststop_2_roof_north" }
    ],
    "connections": [
      { "point": [ 0, -1, 0 ], "terrain": "road", "existing": true },
      { "point": [ 1, -1, 0 ], "terrain": "road", "existing": true }
    ],
    "locations": [ "wilderness" ],
    "city_distance": [ 15, -1 ],
    "occurrences": [ 0, 4 ],
    "flags": [ "CLASSIC", "WILDERNESS" ]
  },
  {
    "type": "overmap_special",
    "id": "rural_house",
    "overmaps": [
      { "point": [ 0, 1, 0 ], "overmap": "dirt_road_forest_north" },
      { "point": [ 0, 2, 0 ], "overmap": "dirt_road_forest_north" },
      { "point": [ 0, 3, 0 ], "overmap": "house_farm_north" },
      { "point": [ 0, 3, 1 ], "overmap": "house_farm_roof_north" }
    ],
    "connections": [ { "point": [ 0, 0, 0 ], "terrain": "road", "connection": "local_road", "from": [ 0, 1, 0 ] } ],
    "locations": [ "forest" ],
    "city_distance": [ 5, -1 ],
    "occurrences": [ 0, 3 ],
    "flags": [ "CLASSIC", "WILDERNESS" ]
  },
  {
    "type": "overmap_special",
    "id": "rural_house_turn",
    "overmaps": [
      { "point": [ 0, 1, 0 ], "overmap": "dirt_road_forest_north" },
      { "point": [ 0, 2, 0 ], "overmap": "dirt_road_turn_forest_south" },
      { "point": [ 1, 2, 0 ], "overmap": "house_farm_west" },
      { "point": [ 1, 2, 1 ], "overmap": "house_farm_roof_west" }
    ],
    "connections": [ { "point": [ 0, 0, 0 ], "terrain": "road", "connection": "local_road", "from": [ 0, 1, 0 ] } ],
    "locations": [ "forest" ],
    "city_distance": [ 5, -1 ],
    "occurrences": [ 0, 3 ],
    "flags": [ "CLASSIC", "WILDERNESS" ]
  },
  {
    "type": "overmap_special",
    "id": "rural_house_yard",
    "overmaps": [
      { "point": [ 0, 1, 0 ], "overmap": "dirt_road_forest_north" },
      { "point": [ 0, 2, 0 ], "overmap": "dirt_road_3way_forest_east" },
      { "point": [ -1, 2, 0 ], "overmap": "yard_east" },
      { "point": [ 0, 3, 0 ], "overmap": "dirt_road_turn_forest_south" },
      { "point": [ 1, 3, 0 ], "overmap": "house_farm_west" },
      { "point": [ 1, 3, 1 ], "overmap": "house_farm_roof_west" }
    ],
    "connections": [ { "point": [ 0, 0, 0 ], "terrain": "road", "connection": "local_road", "from": [ 0, 1, 0 ] } ],
    "locations": [ "forest" ],
    "city_distance": [ 5, -1 ],
    "occurrences": [ 0, 3 ],
    "flags": [ "CLASSIC", "WILDERNESS" ]
  },
  {
    "type": "overmap_special",
    "id": "Moonshine Still",
    "overmaps": [
      { "point": [ 0, 0, 0 ], "overmap": "moonshine_still_north" },
      { "point": [ 0, 0, 1 ], "overmap": "moonshine_still_roof_north" }
    ],
    "locations": [ "forest" ],
    "city_distance": [ 20, 60 ],
    "occurrences": [ 0, 3 ],
    "flags": [ "CLASSIC", "WILDERNESS", "MAN_MADE" ]
  },
  {
    "type": "overmap_special",
    "id": "Moonshine Still 1",
    "overmaps": [
      { "point": [ 0, 0, 0 ], "overmap": "moonshine_still_1_north" },
      { "point": [ 0, 0, 1 ], "overmap": "moonshine_still_roof_1_north" }
    ],
    "locations": [ "forest" ],
    "city_distance": [ 20, 60 ],
    "occurrences": [ 0, 3 ],
    "flags": [ "CLASSIC", "WILDERNESS", "MAN_MADE" ]
  },
  {
    "type": "overmap_special",
    "id": "Moonshine Still 2",
    "overmaps": [
      { "point": [ 0, 0, 0 ], "overmap": "moonshine_still_2_north" },
      { "point": [ 0, 0, 1 ], "overmap": "moonshine_still_roof_2_north" }
    ],
    "locations": [ "forest" ],
    "city_distance": [ 20, 60 ],
    "occurrences": [ 0, 3 ],
    "flags": [ "CLASSIC", "WILDERNESS", "MAN_MADE" ]
  },
  {
    "type": "overmap_special",
    "id": "2fMotel",
    "overmaps": [
      { "point": [ 0, 0, 0 ], "overmap": "2fmotel_entrance_north" },
      { "point": [ -1, 0, 0 ], "overmap": "2fmotel_1_north" },
      { "point": [ -1, 1, 0 ], "overmap": "2fmotel_2_north" },
      { "point": [ 0, 1, 0 ], "overmap": "2fmotel_3_north" },
      { "point": [ 0, 0, 1 ], "overmap": "2fmotel_entrance_f2_north" },
      { "point": [ -1, 0, 1 ], "overmap": "2fmotel_1_f2_north" },
      { "point": [ -1, 1, 1 ], "overmap": "2fmotel_2_f2_north" },
      { "point": [ 0, 1, 1 ], "overmap": "2fmotel_3_f2_north" },
      { "point": [ -1, 0, 2 ], "overmap": "2fmotel_1_r_north" },
      { "point": [ -1, 1, 2 ], "overmap": "2fmotel_2_r_north" },
      { "point": [ 0, 1, 2 ], "overmap": "2fmotel_3_r_north" }
    ],
    "connections": [ { "point": [ 0, -1, 0 ], "terrain": "road", "connection": "local_road", "from": [ 0, 0, 0 ] } ],
    "locations": [ "land" ],
    "city_distance": [ 8, 40 ],
    "occurrences": [ 0, 2 ],
    "flags": [ "CLASSIC", "URBAN" ]
  },
  {
    "type": "overmap_special",
    "id": "ws_regional_dump",
    "overmaps": [
      { "point": [ 0, 0, 0 ], "overmap": "ws_regional_dump_0_0_north" },
      { "point": [ 1, 0, 0 ], "overmap": "ws_regional_dump_1_0_north" },
      { "point": [ 2, 0, 0 ], "overmap": "ws_regional_dump_2_0_north" },
      { "point": [ 3, 0, 0 ], "overmap": "ws_regional_dump_3_0_north" },
      { "point": [ 0, 1, 0 ], "overmap": "ws_regional_dump_0_1_north" },
      { "point": [ 1, 1, 0 ], "overmap": "ws_regional_dump_1_1_north" },
      { "point": [ 2, 1, 0 ], "overmap": "ws_regional_dump_2_1_north" },
      { "point": [ 3, 1, 0 ], "overmap": "ws_regional_dump_3_1_north" },
      { "point": [ 0, 2, 0 ], "overmap": "ws_regional_dump_0_2_north" },
      { "point": [ 1, 2, 0 ], "overmap": "ws_regional_dump_1_2_north" },
      { "point": [ 2, 2, 0 ], "overmap": "ws_regional_dump_2_2_north" },
      { "point": [ 3, 2, 0 ], "overmap": "ws_regional_dump_3_2_north" },
      { "point": [ 0, 3, 0 ], "overmap": "ws_regional_dump_0_3_north" },
      { "point": [ 1, 3, 0 ], "overmap": "ws_regional_dump_1_3_north" },
      { "point": [ 2, 3, 0 ], "overmap": "ws_regional_dump_2_3_north" },
      { "point": [ 3, 3, 0 ], "overmap": "ws_regional_dump_3_3_north" }
    ],
    "connections": [ { "point": [ 2, -1, 0 ], "terrain": "road", "from": [ 2, 0, 0 ] } ],
    "locations": [ "wilderness" ],
    "city_distance": [ 5, 20 ],
    "city_sizes": [ 8, -1 ],
    "occurrences": [ 0, 3 ],
    "flags": [ "CLASSIC", "WILDERNESS" ]
  },
  {
    "type": "overmap_special",
    "id": "ws_biker_dump",
    "overmaps": [
      { "point": [ 0, 0, 0 ], "overmap": "ws_biker_dump_0_0_north" },
      { "point": [ 1, 0, 0 ], "overmap": "ws_biker_dump_1_0_north" },
      { "point": [ 2, 0, 0 ], "overmap": "ws_biker_dump_2_0_north" },
      { "point": [ 3, 0, 0 ], "overmap": "ws_biker_dump_3_0_north" },
      { "point": [ 0, 1, 0 ], "overmap": "ws_biker_dump_0_1_north" },
      { "point": [ 1, 1, 0 ], "overmap": "ws_biker_dump_1_1_north" },
      { "point": [ 2, 1, 0 ], "overmap": "ws_biker_dump_2_1_north" },
      { "point": [ 3, 1, 0 ], "overmap": "ws_biker_dump_3_1_north" },
      { "point": [ 0, 2, 0 ], "overmap": "ws_biker_dump_0_2_north" },
      { "point": [ 1, 2, 0 ], "overmap": "ws_biker_dump_1_2_north" },
      { "point": [ 2, 2, 0 ], "overmap": "ws_biker_dump_2_2_north" },
      { "point": [ 2, 2, 1 ], "overmap": "ws_biker_dump_2_2_roof_north" },
      { "point": [ 3, 2, 0 ], "overmap": "ws_biker_dump_3_2_north" },
      { "point": [ 0, 3, 0 ], "overmap": "ws_biker_dump_0_3_north" },
      { "point": [ 1, 3, 0 ], "overmap": "ws_biker_dump_1_3_north" },
      { "point": [ 2, 3, 0 ], "overmap": "ws_biker_dump_2_3_north" },
      { "point": [ 3, 3, 0 ], "overmap": "ws_biker_dump_3_3_north" }
    ],
    "connections": [ { "point": [ 2, -1, 0 ], "terrain": "road", "connection": "local_road", "from": [ 2, 0, 0 ] } ],
    "locations": [ "wilderness" ],
    "city_distance": [ 5, 20 ],
    "city_sizes": [ 6, -1 ],
    "occurrences": [ 40, 100 ],
    "//": "Inflated chance, in effect 15%",
    "flags": [ "CLASSIC", "UNIQUE" ]
  },
  {
    "type": "overmap_special",
    "id": "Lumbermill",
    "overmaps": [
      { "point": [ 0, 0, 0 ], "overmap": "lumbermill_0_0_north" },
      { "point": [ 1, 0, 0 ], "overmap": "lumbermill_1_0_north" },
      { "point": [ 0, 1, 0 ], "overmap": "lumbermill_0_1_north" },
      { "point": [ 1, 1, 0 ], "overmap": "lumbermill_1_1_north" },
      { "point": [ 0, 0, 1 ], "overmap": "lumbermill_0_0_roof_north" },
      { "point": [ 1, 0, 1 ], "overmap": "lumbermill_1_0_roof_north" },
      { "point": [ 0, 1, 1 ], "overmap": "lumbermill_0_1_roof_north" },
      { "point": [ 1, 1, 1 ], "overmap": "lumbermill_1_1_roof_north" },
      { "point": [ 2, 0, 0 ], "overmap": "lumbermill_dforest_north" },
      { "point": [ 0, 2, 0 ], "overmap": "lumbermill_dforest_north" },
      { "point": [ 1, 2, 0 ], "overmap": "lumbermill_dforest_north" },
      { "point": [ 2, 1, 0 ], "overmap": "lumbermill_dforest_north" },
      { "point": [ 2, 2, 0 ], "overmap": "lumbermill_dforest_north" },
      { "point": [ 3, 0, 0 ], "overmap": "lumbermill_dforest_north" },
      { "point": [ 3, 1, 0 ], "overmap": "lumbermill_dforest_north" },
      { "point": [ 3, 2, 0 ], "overmap": "lumbermill_dforest_north" },
      { "point": [ 0, 3, 0 ], "overmap": "lumbermill_dforest_north" },
      { "point": [ 1, 3, 0 ], "overmap": "lumbermill_dforest_north" },
      { "point": [ 2, 3, 0 ], "overmap": "lumbermill_dforest_north" }
    ],
    "connections": [ { "point": [ 0, -1, 0 ], "terrain": "road" }, { "point": [ 1, -1, 0 ], "terrain": "road" } ],
    "locations": [ "forest" ],
    "city_distance": [ 5, -1 ],
    "city_sizes": [ 4, -1 ],
    "occurrences": [ 0, 2 ],
    "flags": [ "CLASSIC", "WILDERNESS" ]
  },
  {
    "type": "overmap_special",
    "id": "steel mill",
    "overmaps": [
      { "point": [ 0, 0, 0 ], "overmap": "steel_mill_0_1_north" },
      { "point": [ 1, 0, 0 ], "overmap": "steel_mill_0_2_north" },
      { "point": [ 2, 0, 0 ], "overmap": "steel_mill_0_3_north" },
      { "point": [ 3, 0, 0 ], "overmap": "steel_mill_0_4_north" },
      { "point": [ 0, 1, 0 ], "overmap": "steel_mill_1_1_north" },
      { "point": [ 1, 1, 0 ], "overmap": "steel_mill_1_2_north" },
      { "point": [ 2, 1, 0 ], "overmap": "steel_mill_1_3_north" },
      { "point": [ 3, 1, 0 ], "overmap": "steel_mill_1_4_north" },
      { "point": [ 0, 2, 0 ], "overmap": "steel_mill_2_1_north" },
      { "point": [ 1, 2, 0 ], "overmap": "steel_mill_2_2_north" },
      { "point": [ 2, 2, 0 ], "overmap": "steel_mill_2_3_north" },
      { "point": [ 3, 2, 0 ], "overmap": "steel_mill_2_4_north" },
      { "point": [ 0, 3, 0 ], "overmap": "steel_mill_3_1_north" },
      { "point": [ 1, 3, 0 ], "overmap": "steel_mill_3_2_north" },
      { "point": [ 2, 3, 0 ], "overmap": "steel_mill_3_3_north" },
      { "point": [ 3, 3, 0 ], "overmap": "steel_mill_rail_1_north" },
      { "point": [ 0, 4, 0 ], "overmap": "steel_mill_4_1_north" },
      { "point": [ 1, 4, 0 ], "overmap": "steel_mill_4_2_north" },
      { "point": [ 2, 4, 0 ], "overmap": "steel_mill_4_3_north" },
      { "point": [ 3, 4, 0 ], "overmap": "steel_mill_rail_2_north" },
      { "point": [ 0, 0, 1 ], "overmap": "steel_mill_0_1_2_north" },
      { "point": [ 1, 0, 1 ], "overmap": "steel_mill_0_2_2_north" },
      { "point": [ 2, 0, 1 ], "overmap": "steel_mill_0_3_2_north" },
      { "point": [ 3, 0, 1 ], "overmap": "steel_mill_0_4_2_north" },
      { "point": [ 0, 1, 1 ], "overmap": "steel_mill_1_1_2_north" },
      { "point": [ 1, 1, 1 ], "overmap": "steel_mill_1_2_2_north" },
      { "point": [ 2, 1, 1 ], "overmap": "steel_mill_1_3_2_north" },
      { "point": [ 3, 1, 1 ], "overmap": "steel_mill_1_4_2_north" },
      { "point": [ 0, 2, 1 ], "overmap": "steel_mill_2_1_2_north" },
      { "point": [ 1, 2, 1 ], "overmap": "steel_mill_2_2_2_north" },
      { "point": [ 2, 2, 1 ], "overmap": "steel_mill_2_3_2_north" },
      { "point": [ 3, 2, 1 ], "overmap": "steel_mill_2_4_2_north" },
      { "point": [ 0, 3, 1 ], "overmap": "steel_mill_3_1_2_north" },
      { "point": [ 1, 3, 1 ], "overmap": "steel_mill_3_2_2_north" },
      { "point": [ 2, 3, 1 ], "overmap": "steel_mill_3_3_2_north" },
      { "point": [ 3, 3, 1 ], "overmap": "steel_mill_rail_1_2_north" },
      { "point": [ 0, 4, 1 ], "overmap": "steel_mill_4_1_2_north" },
      { "point": [ 1, 4, 1 ], "overmap": "steel_mill_4_2_2_north" },
      { "point": [ 2, 4, 1 ], "overmap": "steel_mill_4_3_2_north" },
      { "point": [ 3, 4, 1 ], "overmap": "steel_mill_rail_2_2_north" },
      { "point": [ 0, 0, 2 ], "overmap": "steel_mill_0_1_3_north" },
      { "point": [ 1, 0, 2 ], "overmap": "steel_mill_0_2_3_north" },
      { "point": [ 2, 0, 2 ], "overmap": "steel_mill_0_3_3_north" },
      { "point": [ 3, 0, 2 ], "overmap": "steel_mill_0_4_3_north" },
      { "point": [ 0, 1, 2 ], "overmap": "steel_mill_1_1_3_north" },
      { "point": [ 1, 1, 2 ], "overmap": "steel_mill_1_2_3_north" },
      { "point": [ 2, 1, 2 ], "overmap": "steel_mill_1_3_3_north" },
      { "point": [ 3, 1, 2 ], "overmap": "steel_mill_1_4_3_north" },
      { "point": [ 0, 2, 2 ], "overmap": "steel_mill_2_1_3_north" },
      { "point": [ 1, 2, 2 ], "overmap": "steel_mill_2_2_3_north" },
      { "point": [ 2, 2, 2 ], "overmap": "steel_mill_2_3_3_north" },
      { "point": [ 3, 2, 2 ], "overmap": "steel_mill_2_4_3_north" },
      { "point": [ 0, 3, 2 ], "overmap": "steel_mill_3_1_3_north" },
      { "point": [ 1, 3, 2 ], "overmap": "steel_mill_3_2_3_north" },
      { "point": [ 2, 3, 2 ], "overmap": "steel_mill_3_3_3_north" },
      { "point": [ 3, 3, 2 ], "overmap": "steel_mill_rail_1_3_north" },
      { "point": [ 0, 4, 2 ], "overmap": "steel_mill_4_1_3_north" },
      { "point": [ 1, 4, 2 ], "overmap": "steel_mill_4_2_3_north" },
      { "point": [ 2, 4, 2 ], "overmap": "steel_mill_4_3_3_north" },
      { "point": [ 3, 4, 2 ], "overmap": "steel_mill_rail_2_3_north" }
    ],
    "locations": [ "wilderness" ],
    "connections": [ { "point": [ 2, -1, 0 ], "terrain": "road", "connection": "local_road", "from": [ 2, 0, 0 ] } ],
    "city_distance": [ 5, -1 ],
    "city_sizes": [ 4, -1 ],
    "occurrences": [ 75, 100 ],
    "//": "Inflated chance, effective rate ~55%",
    "flags": [ "CLASSIC", "UNIQUE" ]
  },
  {
    "type": "overmap_special",
    "id": "Farm Supply Store",
    "overmaps": [
      { "point": [ 0, 0, 0 ], "overmap": "farm_supply_1_north" },
      { "point": [ 0, 0, 1 ], "overmap": "farm_supply_roof_1_north" },
      { "point": [ 1, 0, 0 ], "overmap": "farm_supply_2_north" },
      { "point": [ 1, 0, 1 ], "overmap": "farm_supply_roof_2_north" },
      { "point": [ 0, 1, 0 ], "overmap": "farm_supply_3_north" },
      { "point": [ 0, 1, 1 ], "overmap": "farm_supply_roof_3_north" },
      { "point": [ 1, 1, 0 ], "overmap": "farm_supply_4_north" },
      { "point": [ 1, 1, 1 ], "overmap": "farm_supply_roof_4_north" }
    ],
    "occurrences": [ 25, 100 ],
    "connections": [
      { "point": [ 0, -1, 0 ], "terrain": "road", "from": [ 0, 0, 0 ] },
      { "point": [ 1, -1, 0 ], "terrain": "road", "from": [ 1, 0, 0 ] }
    ],
    "locations": [ "field" ],
    "city_distance": [ 5, 40 ],
    "flags": [ "CLASSIC", "MAN_MADE", "UNIQUE" ]
  },
  {
    "type": "overmap_special",
    "id": "Farm Supply Store Looted",
    "overmaps": [
      { "point": [ 0, 0, 0 ], "overmap": "farm_supply_looted_1_north" },
      { "point": [ 0, 0, 1 ], "overmap": "farm_supply_roof_1_north" },
      { "point": [ 1, 0, 0 ], "overmap": "farm_supply_looted_2_north" },
      { "point": [ 1, 0, 1 ], "overmap": "farm_supply_roof_2_north" },
      { "point": [ 0, 1, 0 ], "overmap": "farm_supply_looted_3_north" },
      { "point": [ 0, 1, 1 ], "overmap": "farm_supply_roof_3_north" },
      { "point": [ 1, 1, 0 ], "overmap": "farm_supply_looted_4_north" },
      { "point": [ 1, 1, 1 ], "overmap": "farm_supply_roof_4_north" }
    ],
    "occurrences": [ 10, 100 ],
    "connections": [
      { "point": [ 0, -1, 0 ], "terrain": "road", "from": [ 0, 0, 0 ] },
      { "point": [ 1, -1, 0 ], "terrain": "road", "from": [ 1, 0, 0 ] }
    ],
    "locations": [ "field" ],
    "city_distance": [ 5, 40 ],
    "flags": [ "CLASSIC", "MAN_MADE", "UNIQUE" ]
  }
]
