[
  {
    "id": "mon_hallucinator",
    "type": "MONSTER",
    "name": { "str": "person" },
    "description": "A common human, that looks exactly like humans do.  You can see it.  It can see you.  You know it knows you can see it.  It knows you know you can see it.  It moves towards you.",
    "//": "it must be spooky, but god im bad in this stuff",
    "default_faction": "nether_player_hate",
    "species": [ "NETHER_EMANATION" ],
    "volume": "62500 ml",
    "weight": "0 g",
    "hp": 100000000,
    "speed": 25,
    "symbol": "@",
    "color": "white",
    "aggression": 100,
    "morale": 100,
    "vision_day": 60,
    "vision_night": 60,
    "path_settings": { "max_dist": 60 },
    "path_settings": { "max_dist": 60, "allow_open_doors": false },
    "death_function": { "corpse_type": "NO_CORPSE", "message": "it just disappeared." },
    "flags": [
      "NO_BREATHE",
      "SEES",
      "HEARS",
      "ACIDPROOF",
      "FIREPROOF",
      "LOUDMOVES",
      "SLUDGEPROOF",
      "SMELLS",
      "STUN_IMMUNE",
      "WEBWALK",
      "ALL_SEEING",
      "ALWAYS_VISIBLE"
    ],
    "special_attacks": [
      {
        "type": "spell",
        "spell_data": { "id": "hallucinator_touch" },
        "monster_message": "You feel something was destroyed inside you."
      }
    ],
    "emit_fields": [ { "emit_id": "emit_clairvoyant", "delay": "1 s" } ]
  }
]
