[
  {
    "type": "overmap_special",
    "id": "Farm Mutable",
    "subtype": "mutable",
    "locations": [ "subterranean_empty", "land", "open_air" ],
    "city_distance": [ 5, -1 ],
    "city_sizes": [ 1, -1 ],
    "occurrences": [ 0, 2 ],
    "flags": [ "WILDERNESS" ],
    "check_for_locations_area": [ { "type": [ "land" ], "from": [ -4, -2, 0 ], "to": [ 4, 22, 0 ] } ],
    "joins": [ "root_to_road", "road_to_house", "road_to_extra", "house_to_extension", "farm_to_farm" ],
    "overmaps": {
      "dirt_road_ns_root_s": { "overmap": "dirt_road_north", "south": "root_to_road", "connections": { "north": { "connection": "local_road" } } },
      "dirt_road_ns_root_n": { "overmap": "dirt_road_north", "north": "root_to_road" },
      "dirt_road_ns_road_n": { "overmap": "dirt_road_north", "connections": { "north": { "connection": "local_road" } } },
      "dirt_road_ns": { "overmap": "dirt_road_north" },
      "dirt_road_ew": { "overmap": "dirt_road_east" },
      "dirt_road_sw": { "overmap": "dirt_road_turn_north" },
      "dirt_road_nw": { "overmap": "dirt_road_turn_east" },
      "dirt_road_ne": { "overmap": "dirt_road_turn_south" },
      "dirt_road_se": { "overmap": "dirt_road_turn_west" },
      "dirt_road_esw": { "overmap": "dirt_road_3way_north" },
      "dirt_road_nsw": { "overmap": "dirt_road_3way_east" },
      "dirt_road_new": { "overmap": "dirt_road_3way_south" },
      "dirt_road_nes": { "overmap": "dirt_road_3way_west" },
      "dirt_road_nesw": { "overmap": "dirt_road_4way_north" },
      "air_farm_ending": { "overmap": "open_air", "north": { "id": "farm_to_farm", "alternatives": [ "road_to_house", "road_to_extra" ] } },
      "air_farm_n": { "overmap": "open_air", "north": "farm_to_farm" },
      "air_farm_e": { "overmap": "open_air", "east": "farm_to_farm" },
      "air_farm_s": { "overmap": "open_air", "south": "farm_to_farm" },
      "air_farm_w": { "overmap": "open_air", "west": "farm_to_farm" },
      "air_farm_s_house_e": { "overmap": "open_air", "south": "farm_to_farm", "east": "road_to_house" },
      "air_house_n": { "overmap": "open_air", "north": "road_to_house" },
      "air_house_e": { "overmap": "open_air", "east": "road_to_house" },
      "air_house_s": { "overmap": "open_air", "south": "road_to_house" },
      "air_house_w": { "overmap": "open_air", "west": "road_to_house" },
      "air_extra_n": { "overmap": "open_air", "north": "road_to_extra" },
      "air_extra_e": { "overmap": "open_air", "east": "road_to_extra" },
      "air_extra_s": { "overmap": "open_air", "south": "road_to_extra" },
      "air_extra_w": { "overmap": "open_air", "west": "road_to_extra" },
      "farmland_ns": { "overmap": "farmland_straight_north" },
      "farmland_ew": { "overmap": "farmland_straight_east" },
      "farmland_se": { "overmap": "farmland_turn_north" },
      "farmland_sw": { "overmap": "farmland_turn_east" },
      "farmland_nw": { "overmap": "farmland_turn_south" },
      "farmland_ne": { "overmap": "farmland_turn_west" },
      "farmland_inside_se": { "overmap": "farmland_turn_inside_north" },
      "farmland_inside_sw": { "overmap": "farmland_turn_inside_east" },
      "farmland_inside_nw": { "overmap": "farmland_turn_inside_south" },
      "farmland_inside_ne": { "overmap": "farmland_turn_inside_west" },
      "farmland_n": { "overmap": "farmland_U_north" },
      "farmland_e": { "overmap": "farmland_U_east" },
      "farmland_s": { "overmap": "farmland_U_south" },
      "farmland_w": { "overmap": "farmland_U_west" },
      "hayfield_ns": { "overmap": "hayfield_straight_north" },
      "hayfield_ew": { "overmap": "hayfield_straight_east" },
      "hayfield_n": { "overmap": "hayfield_end_north" },
      "hayfield_e": { "overmap": "hayfield_end_east" },
      "hayfield_s": { "overmap": "hayfield_end_south" },
      "hayfield_w": { "overmap": "hayfield_end_west" },
      "hayfield_L_se": { "overmap": "hayfield_turnL_north" },
      "hayfield_L_sw": { "overmap": "hayfield_turnL_east" },
      "hayfield_L_nw": { "overmap": "hayfield_turnL_south" },
      "hayfield_L_ne": { "overmap": "hayfield_turnL_west" },
      "hayfield_R_sw": { "overmap": "hayfield_turnR_north" },
      "hayfield_R_nw": { "overmap": "hayfield_turnR_east" },
      "hayfield_R_ne": { "overmap": "hayfield_turnR_south" },
      "hayfield_R_se": { "overmap": "hayfield_turnR_west" },
      "orchard": { "overmap": "orchard_tree_apple_north" },
      "farm_1": { "overmap": "farm_1_north", "south": "house_to_extension" },
      "farm_1_silo": { "overmap": "farm_1_silo_north", "south": "house_to_extension" },
      "farm_1_silo_1": { "overmap": "farm_1_silo_1_north" },
      "farm_1_silo_2": { "overmap": "farm_1_silo_2_north" },
      "farm_1_silo_roof": { "overmap": "farm_1_silo_roof_north" },
      "farm_1_coop": { "overmap": "farm_1_coop_north", "south": "house_to_extension" },
      "farm_1_coop_roof": { "overmap": "farm_1_coop_roof_north" },
      "farm_1_greenhouse": { "overmap": "farm_1_greenhouse_north", "south": "house_to_extension" },
      "farm_1_greenhouse_roof": { "overmap": "farm_1_greenhouse_roof_north" },
      "farm_2": { "overmap": "farm_2_north", "connections": { "north": { "connection": "local_road" } } },
      "farm_2_roof": { "overmap": "farm_2_roof_north" },
      "farm_3": { "overmap": "farm_3_north" },
      "farm_3_roof": { "overmap": "farm_3_roof_north" },
      "farm_4": { "overmap": "farm_4_north", "north": "house_to_extension" },
      "farm_5": { "overmap": "farm_5_north" },
      "farm_6": { "overmap": "farm_6_north" },
      "farm_7": { "overmap": "farm_7_north" },
      "farm_8": { "overmap": "farm_8_north" },
      "farm_9": { "overmap": "farm_9_north" },
      "farm_stills_1": { "overmap": "farm_stills_1_north" },
      "farm_stills_2": { "overmap": "farm_stills_2_north" },
      "farm_stills_3": { "overmap": "farm_stills_3_north" },
      "farm_stills_3_2nd": { "overmap": "farm_stills_3_2nd_north" },
      "farm_stills_3_roof": { "overmap": "farm_stills_3_roof_north" },
      "farm_stills_3_basement": { "overmap": "farm_stills_3_basement_north" },
      "farm_stills_4": { "overmap": "farm_stills_4_north" },
      "farm_stills_5": { "overmap": "farm_stills_5_north" },
      "farm_stills_6": { "overmap": "farm_stills_6_north" },
      "farm_stills_7": { "overmap": "farm_stills_7_north" },
      "farm_stills_7_roof": { "overmap": "farm_stills_7_roof_north" },
      "farm_stills_8": { "overmap": "farm_stills_8_north" },
      "farm_stills_9": { "overmap": "farm_stills_9_north" },
      "farm_stills_10": { "overmap": "farm_stills_10_north" },
      "farm_stills_11": { "overmap": "farm_stills_11_north" },
      "farm_stills_12": { "overmap": "farm_stills_12_north" },
      "2farm_4": { "overmap": "2farm_4_north" },
      "2farm_roof_4": { "overmap": "2farm_roof_4_north" },
      "2farm_3": { "overmap": "2farm_3_north" },
      "2farm_loft_3": { "overmap": "2farm_loft_3_north" },
      "2farm_roof_3": { "overmap": "2farm_roof_3_north" },
      "2farm_2": { "overmap": "2farm_2_north" },
      "2farm_1": { "overmap": "2farm_1_north" },
      "2farm_8": { "overmap": "2farm_8_north" },
      "2farm_7": { "overmap": "2farm_7_north" },
      "2farm_6": { "overmap": "2farm_6_north" },
      "2farm_6_1": { "overmap": "2farm_6_1_north" },
      "2farm_6_2": { "overmap": "2farm_6_2_north" },
      "2farm_6_3": { "overmap": "2farm_6_3_north" },
      "2farm_5": { "overmap": "2farm_5_north" },
      "2farm_12": { "overmap": "2farm_12_north" },
      "2farm_11": { "overmap": "2farm_11_north" },
      "2farm_roof_11": { "overmap": "2farm_roof_11_north" },
      "2farm_10": { "overmap": "2farm_10_north" },
      "2farm_9": { "overmap": "2farm_9_north" },
      "2farm_16": { "overmap": "2farm_16_north" },
      "2farm_15": { "overmap": "2farm_15_north" },
      "2farm_14": { "overmap": "2farm_14_north" },
      "2farm_13": { "overmap": "2farm_13_north" },
      "2farm_17": { "overmap": "2farm_17_north" },
      "2farm_18": { "overmap": "2farm_18_north" },
      "2farm_19": { "overmap": "2farm_19_north" },
      "2farm_20": { "overmap": "2farm_20_north" },
      "2farm_21": { "overmap": "2farm_21_north" },
      "2farm_22": { "overmap": "2farm_22_north" },
      "2farm_23": { "overmap": "2farm_23_north" },
      "2farm_24": { "overmap": "2farm_24_north" },
      "farm_dairy_twd_1": { "overmap": "farm_dairy_twd_1_north" },
      "farm_dairy_twd_2": { "overmap": "farm_dairy_twd_2_north" },
      "farm_dairy_twd_3": { "overmap": "farm_dairy_twd_3_north" },
      "farm_dairy_twd_4": { "overmap": "farm_dairy_twd_4_north" },
      "farm_dairy_twd_5": { "overmap": "farm_dairy_twd_5_north" },
      "farm_dairy_twd_6": { "overmap": "farm_dairy_twd_6_north" },
      "farm_dairy_twd_7": { "overmap": "farm_dairy_twd_7_north" },
      "farm_dairy_twd_8": { "overmap": "farm_dairy_twd_8_north" },
      "farm_dairy_twd_9": { "overmap": "farm_dairy_twd_9_north" },
      "farm_dairy_twd_10": { "overmap": "farm_dairy_twd_10_north" },
      "farm_dairy_twd_11": { "overmap": "farm_dairy_twd_11_north" },
      "farm_dairy_twd_12": { "overmap": "farm_dairy_twd_12_north" },
      "farm_dairy_twd_3_roof": { "overmap": "farm_dairy_twd_3_roof_north" },
      "farm_dairy_twd_4_roof": { "overmap": "farm_dairy_twd_4_roof_north" },
      "farm_dairy_twd_second_floor_3": { "overmap": "farm_dairy_twd_second_floor_3_north" },
      "farm_dairy_twd_second_floor_4": { "overmap": "farm_dairy_twd_second_floor_4_north" },
      "farm_dairy_twd_second_floor_5": { "overmap": "farm_dairy_twd_second_floor_5_north" },
      "farm_dairy_twd_second_floor_6": { "overmap": "farm_dairy_twd_second_floor_6_north" },
      "farm_dairy_twd_second_floor_12": { "overmap": "farm_dairy_twd_second_floor_12_north" },
      "2silos_n": { "overmap": "2silos_north" },
      "2silos_e": { "overmap": "2silos_east" },
      "2silos_s": { "overmap": "2silos_south" },
      "2silos_w": { "overmap": "2silos_west" },
      "2silos_1_n": { "overmap": "2silos_1_north" },
      "2silos_1_e": { "overmap": "2silos_1_east" },
      "2silos_1_s": { "overmap": "2silos_1_south" },
      "2silos_1_w": { "overmap": "2silos_1_west" },
      "2silos_2_n": { "overmap": "2silos_2_north" },
      "2silos_2_e": { "overmap": "2silos_2_east" },
      "2silos_2_s": { "overmap": "2silos_2_south" },
      "2silos_2_w": { "overmap": "2silos_2_west" },
      "2silos_roof_n": { "overmap": "2silos_roof_north" },
      "2silos_roof_e": { "overmap": "2silos_roof_east" },
      "2silos_roof_s": { "overmap": "2silos_roof_south" },
      "2silos_roof_w": { "overmap": "2silos_roof_west" },
      "house_farm_n": { "overmap": "house_farm_north" },
      "house_farm_e": { "overmap": "house_farm_east" },
      "house_farm_s": { "overmap": "house_farm_south" },
      "house_farm_w": { "overmap": "house_farm_west" },
      "house_farm_roof_n": { "overmap": "house_farm_roof_north" },
      "house_farm_roof_e": { "overmap": "house_farm_roof_east" },
      "house_farm_roof_s": { "overmap": "house_farm_roof_south" },
      "house_farm_roof_w": { "overmap": "house_farm_roof_west" },
      "forest_thick": { "overmap": "special_forest_thick" },
      "field": { "overmap": "field" }
    },
    "root": "dirt_road_ns_root_s",
    "phases": [
      [
        {
          "name": "farm_entrance",
          "chunk": [
            { "overmap": "dirt_road_ns_root_n", "pos": [ 0, 0, 0 ] },
            { "overmap": "dirt_road_nsw", "pos": [ 0, 1, 0 ] },
            { "overmap": "air_extra_w", "pos": [ 0, 1, 10 ] },
            { "overmap": "dirt_road_nes", "pos": [ 0, 2, 0 ] },
            { "overmap": "air_farm_s_house_e", "pos": [ 0, 2, 10 ] }
          ],
          "max": 1
        }
      ],
      [
        {
          "name": "farm_home_1",
          "//": "3x3 farm",
          "chunk": [
            { "overmap": "farm_2", "pos": [ 0, 0, 0 ] },
            { "overmap": "farm_3", "pos": [ -1, 0, 0 ] },
            { "overmap": "farm_2_roof", "pos": [ 0, 0, 1 ] },
            { "overmap": "farm_3_roof", "pos": [ -1, 0, 1 ] },
            { "overmap": "farm_4", "pos": [ 1, 1, 0 ] },
            { "overmap": "farm_5", "pos": [ 0, 1, 0 ] },
            { "overmap": "farm_6", "pos": [ -1, 1, 0 ] },
            { "overmap": "farm_7", "pos": [ 1, 2, 0 ] },
            { "overmap": "farm_8", "pos": [ 0, 2, 0 ] },
            { "overmap": "farm_9", "pos": [ -1, 2, 0 ] },
            { "overmap": "air_house_n", "pos": [ -1, 0, 10 ] }
          ],
          "weight": 1
        },
        {
          "name": "farm_home_2",
          "//": "farm_lot_forest",
          "chunk": [
            { "overmap": "2silos_w", "pos": [ 0, -4, 0 ] },
            { "overmap": "2silos_1_w", "pos": [ 0, -4, 1 ] },
            { "overmap": "2silos_2_w", "pos": [ 0, -4, 2 ] },
            { "overmap": "2silos_roof_w", "pos": [ 0, -4, 3 ] },
            { "overmap": "house_farm_w", "pos": [ 0, -2, 0 ] },
            { "overmap": "house_farm_roof_w", "pos": [ 0, -2, 1 ] },
            { "overmap": "farmland_sw", "pos": [ -2, -4, 0 ] },
            { "overmap": "farmland_se", "pos": [ -3, -4, 0 ] },
            { "overmap": "farmland_ns", "pos": [ -2, -3, 0 ] },
            { "overmap": "farmland_ns", "pos": [ -3, -3, 0 ] },
            { "overmap": "farmland_ns", "pos": [ -2, -2, 0 ] },
            { "overmap": "farmland_ns", "pos": [ -3, -2, 0 ] },
            { "overmap": "farmland_nw", "pos": [ -2, -1, 0 ] },
            { "overmap": "farmland_ne", "pos": [ -3, -1, 0 ] },
            { "overmap": "dirt_road_se", "pos": [ -1, -4, 0 ] },
            { "overmap": "dirt_road_nsw", "pos": [ -1, -3, 0 ] },
            { "overmap": "dirt_road_nes", "pos": [ -1, -2, 0 ] },
            { "overmap": "dirt_road_ne", "pos": [ -1, -1, 0 ] },
            { "overmap": "dirt_road_sw", "pos": [ 0, -1, 0 ] },
            { "overmap": "dirt_road_ns", "pos": [ 0, 0, 0 ] },
            { "overmap": "air_house_s", "pos": [ 0, 0, 10 ] }
          ],
          "weight": 1
        },
        {
          "name": "farm_home_3",
          "//": "Farm_stills",
          "chunk": [
            { "overmap": "air_house_n", "pos": [ 0, 0, 10 ] },
            { "overmap": "farm_stills_4", "pos": [ 0, 0, 0 ] },
            { "overmap": "farm_stills_3", "pos": [ 1, 0, 0 ] },
            { "overmap": "farm_stills_3_2nd", "pos": [ 1, 0, 1 ] },
            { "overmap": "farm_stills_3_roof", "pos": [ 1, 0, 2 ] },
            { "overmap": "farm_stills_3_basement", "pos": [ 1, 0, -1 ] },
            { "overmap": "farm_stills_2", "pos": [ 2, 0, 0 ] },
            { "overmap": "farm_stills_1", "pos": [ 3, 0, 0 ] },
            { "overmap": "farm_stills_8", "pos": [ 0, 1, 0 ] },
            { "overmap": "farm_stills_7", "pos": [ 1, 1, 0 ] },
            { "overmap": "farm_stills_7_roof", "pos": [ 1, 1, 1 ] },
            { "overmap": "farm_stills_6", "pos": [ 2, 1, 0 ] },
            { "overmap": "farm_stills_5", "pos": [ 3, 1, 0 ] },
            { "overmap": "farm_stills_12", "pos": [ 0, 2, 0 ] },
            { "overmap": "farm_stills_11", "pos": [ 1, 2, 0 ] },
            { "overmap": "farm_stills_10", "pos": [ 2, 2, 0 ] },
            { "overmap": "farm_stills_9", "pos": [ 3, 2, 0 ] },
            { "overmap": "forest_thick", "pos": [ 0, 3, 0 ] },
            { "overmap": "forest_thick", "pos": [ 1, 3, 0 ] },
            { "overmap": "forest_thick", "pos": [ 2, 3, 0 ] },
            { "overmap": "forest_thick", "pos": [ 3, 3, 0 ] }
          ],
          "weight": 1
        },
        {
          "name": "farm_home_4",
          "//": "Farm_2side",
          "chunk": [
            { "overmap": "2farm_12", "pos": [ 0, 0, 0 ] },
            { "overmap": "2farm_11", "pos": [ 1, 0, 0 ] },
            { "overmap": "2farm_roof_11", "pos": [ 1, 0, 1 ] },
            { "overmap": "2farm_10", "pos": [ 2, 0, 0 ] },
            { "overmap": "2farm_9", "pos": [ 3, 0, 0 ] },
            { "overmap": "2farm_16", "pos": [ 0, 1, 0 ] },
            { "overmap": "2farm_15", "pos": [ 1, 1, 0 ] },
            { "overmap": "2farm_14", "pos": [ 2, 1, 0 ] },
            { "overmap": "2farm_13", "pos": [ 3, 1, 0 ] },
            { "overmap": "2farm_20", "pos": [ 0, 2, 0 ] },
            { "overmap": "2farm_19", "pos": [ 1, 2, 0 ] },
            { "overmap": "2farm_18", "pos": [ 2, 2, 0 ] },
            { "overmap": "2farm_17", "pos": [ 3, 2, 0 ] },
            { "overmap": "2farm_24", "pos": [ 0, 3, 0 ] },
            { "overmap": "2farm_23", "pos": [ 1, 3, 0 ] },
            { "overmap": "2farm_22", "pos": [ 2, 3, 0 ] },
            { "overmap": "2farm_21", "pos": [ 3, 3, 0 ] },
            { "overmap": "air_house_n", "pos": [ 0, 0, 10 ] }
          ],
          "weight": 1
        },
        {
          "name": "farm_home_5",
          "//": "St. John's farm",
          "chunk": [
            { "overmap": "farm_dairy_twd_1", "pos": [ 0, 0, 0 ] },
            { "overmap": "farm_dairy_twd_2", "pos": [ 1, 0, 0 ] },
            { "overmap": "farm_dairy_twd_3", "pos": [ 2, 0, 0 ] },
            { "overmap": "farm_dairy_twd_4", "pos": [ 3, 0, 0 ] },
            { "overmap": "farm_dairy_twd_3_roof", "pos": [ 2, 0, 2 ] },
            { "overmap": "farm_dairy_twd_4_roof", "pos": [ 3, 0, 2 ] },
            { "overmap": "farm_dairy_twd_5", "pos": [ 0, 1, 0 ] },
            { "overmap": "farm_dairy_twd_6", "pos": [ 1, 1, 0 ] },
            { "overmap": "farm_dairy_twd_7", "pos": [ 2, 1, 0 ] },
            { "overmap": "farm_dairy_twd_8", "pos": [ 3, 1, 0 ] },
            { "overmap": "farm_dairy_twd_9", "pos": [ 0, 2, 0 ] },
            { "overmap": "farm_dairy_twd_10", "pos": [ 1, 2, 0 ] },
            { "overmap": "farm_dairy_twd_11", "pos": [ 2, 2, 0 ] },
            { "overmap": "farm_dairy_twd_12", "pos": [ 3, 2, 0 ] },
            { "overmap": "farm_dairy_twd_second_floor_3", "pos": [ 2, 0, 1 ] },
            { "overmap": "farm_dairy_twd_second_floor_4", "pos": [ 3, 0, 1 ] },
            { "overmap": "farm_dairy_twd_second_floor_5", "pos": [ 0, 1, 1 ] },
            { "overmap": "farm_dairy_twd_second_floor_6", "pos": [ 1, 1, 1 ] },
            { "overmap": "farm_dairy_twd_second_floor_12", "pos": [ 3, 2, 1 ] },
            { "overmap": "dirt_road_nw", "pos": [ 2, 3, 0 ] },
            { "overmap": "dirt_road_ew", "pos": [ 1, 3, 0 ] },
            { "overmap": "dirt_road_ew", "pos": [ 0, 3, 0 ] },
            { "overmap": "dirt_road_ew", "pos": [ -1, 3, 0 ] },
            { "overmap": "air_house_w", "pos": [ -1, 3, 10 ] },
            { "overmap": "forest_thick", "pos": [ -1, 2, 0 ] },
            { "overmap": "forest_thick", "pos": [ -1, 1, 0 ] },
            { "overmap": "forest_thick", "pos": [ -1, 0, 0 ] },
            { "overmap": "forest_thick", "pos": [ -1, -1, 0 ] },
            { "overmap": "forest_thick", "pos": [ 0, -1, 0 ] },
            { "overmap": "forest_thick", "pos": [ 1, -1, 0 ] },
            { "overmap": "forest_thick", "pos": [ 2, -1, 0 ] },
            { "overmap": "forest_thick", "pos": [ 3, -1, 0 ] },
            { "overmap": "forest_thick", "pos": [ 4, -1, 0 ] },
            { "overmap": "forest_thick", "pos": [ 4, 0, 0 ] },
            { "overmap": "forest_thick", "pos": [ 4, 1, 0 ] },
            { "overmap": "forest_thick", "pos": [ 4, 2, 0 ] },
            { "overmap": "forest_thick", "pos": [ 4, 3, 0 ] },
            { "overmap": "forest_thick", "pos": [ 3, 3, 0 ] }
          ],
          "weight": 1
        }
      ],
      [
        { "name": "ext_field", "chunk": [ { "overmap": "farm_1", "pos": [ 0, 0, 0 ] } ], "weight": 1 },
        {
          "name": "ext_silo",
          "chunk": [
            { "overmap": "farm_1_silo", "pos": [ 0, 0, 0 ] },
            { "overmap": "farm_1_silo_1", "pos": [ 0, 0, 1 ] },
            { "overmap": "farm_1_silo_2", "pos": [ 0, 0, 2 ] },
            { "overmap": "farm_1_silo_roof", "pos": [ 0, 0, 3 ] }
          ],
          "weight": 1
        },
        {
          "name": "ext_coop",
          "chunk": [ { "overmap": "farm_1_coop", "pos": [ 0, 0, 0 ] }, { "overmap": "farm_1_coop_roof", "pos": [ 0, 0, 1 ] } ],
          "weight": 1
        },
        {
          "name": "ext_greenhouse",
          "chunk": [ { "overmap": "farm_1_greenhouse", "pos": [ 0, 0, 0 ] }, { "overmap": "farm_1_greenhouse_roof", "pos": [ 0, 0, 1 ] } ],
          "weight": 1
        }
      ],
      [
        {
          "name": "farmland_9x9_4way",
          "chunk": [
            { "overmap": "air_farm_n", "pos": [ 0, 0, 10 ] },
            { "overmap": "dirt_road_ns", "pos": [ 0, 0, 0 ] },
            { "overmap": "dirt_road_ns", "pos": [ 0, 1, 0 ] },
            { "overmap": "dirt_road_nes", "pos": [ 0, 2, 0 ] },
            { "overmap": "dirt_road_ns", "pos": [ 0, 3, 0 ] },
            { "overmap": "dirt_road_nesw", "pos": [ 0, 4, 0 ] },
            { "overmap": "dirt_road_ew", "pos": [ -1, 4, 0 ] },
            { "overmap": "dirt_road_new", "pos": [ -2, 4, 0 ] },
            { "overmap": "dirt_road_ew", "pos": [ -3, 4, 0 ] },
            { "overmap": "dirt_road_ew", "pos": [ -4, 4, 0 ] },
            { "overmap": "air_farm_w", "pos": [ -4, 4, 10 ] },
            { "overmap": "dirt_road_ew", "pos": [ 1, 4, 0 ] },
            { "overmap": "dirt_road_ew", "pos": [ 2, 4, 0 ] },
            { "overmap": "dirt_road_esw", "pos": [ 3, 4, 0 ] },
            { "overmap": "dirt_road_ew", "pos": [ 4, 4, 0 ] },
            { "overmap": "air_farm_e", "pos": [ 4, 4, 10 ] },
            { "overmap": "dirt_road_ns", "pos": [ 0, 5, 0 ] },
            { "overmap": "dirt_road_nsw", "pos": [ 0, 6, 0 ] },
            { "overmap": "dirt_road_ns", "pos": [ 0, 7, 0 ] },
            { "overmap": "dirt_road_ns", "pos": [ 0, 8, 0 ] },
            { "overmap": "air_farm_s", "pos": [ 0, 8, 10 ] },
            { "overmap": "forest_thick", "pos": [ -4, 0, 0 ] },
            { "overmap": "forest_thick", "pos": [ -4, 1, 0 ] },
            { "overmap": "forest_thick", "pos": [ -4, 2, 0 ] },
            { "overmap": "forest_thick", "pos": [ -4, 3, 0 ] },
            { "overmap": "farmland_sw", "pos": [ -1, 0, 0 ] },
            { "overmap": "farmland_ew", "pos": [ -2, 0, 0 ] },
            { "overmap": "farmland_se", "pos": [ -3, 0, 0 ] },
            { "overmap": "farmland_ns", "pos": [ -1, 1, 0 ] },
            { "overmap": "farmland_n", "pos": [ -2, 1, 0 ] },
            { "overmap": "farmland_ns", "pos": [ -3, 1, 0 ] },
            { "overmap": "farmland_ns", "pos": [ -1, 2, 0 ] },
            { "overmap": "farmland_s", "pos": [ -2, 2, 0 ] },
            { "overmap": "farmland_ns", "pos": [ -3, 2, 0 ] },
            { "overmap": "farmland_nw", "pos": [ -1, 3, 0 ] },
            { "overmap": "farmland_ew", "pos": [ -2, 3, 0 ] },
            { "overmap": "farmland_ne", "pos": [ -3, 3, 0 ] },
            { "overmap": "hayfield_R_sw", "pos": [ -3, 5, 0 ] },
            { "overmap": "hayfield_L_se", "pos": [ -4, 5, 0 ] },
            { "overmap": "hayfield_ns", "pos": [ -3, 6, 0 ] },
            { "overmap": "hayfield_ns", "pos": [ -4, 6, 0 ] },
            { "overmap": "hayfield_ns", "pos": [ -3, 7, 0 ] },
            { "overmap": "hayfield_ns", "pos": [ -4, 7, 0 ] },
            { "overmap": "hayfield_L_nw", "pos": [ -3, 8, 0 ] },
            { "overmap": "hayfield_R_ne", "pos": [ -4, 8, 0 ] },
            { "overmap": "farmland_sw", "pos": [ -1, 5, 0 ] },
            { "overmap": "farmland_se", "pos": [ -2, 5, 0 ] },
            { "overmap": "farmland_ns", "pos": [ -1, 6, 0 ] },
            { "overmap": "farmland_ns", "pos": [ -2, 6, 0 ] },
            { "overmap": "farmland_ns", "pos": [ -1, 7, 0 ] },
            { "overmap": "farmland_ns", "pos": [ -2, 7, 0 ] },
            { "overmap": "farmland_nw", "pos": [ -1, 8, 0 ] },
            { "overmap": "farmland_ne", "pos": [ -2, 8, 0 ] },
            { "overmap": "hayfield_L_sw", "pos": [ 4, 0, 0 ] },
            { "overmap": "hayfield_ew", "pos": [ 3, 0, 0 ] },
            { "overmap": "hayfield_ew", "pos": [ 2, 0, 0 ] },
            { "overmap": "hayfield_R_se", "pos": [ 1, 0, 0 ] },
            { "overmap": "hayfield_e", "pos": [ 4, 1, 0 ] },
            { "overmap": "hayfield_ew", "pos": [ 3, 1, 0 ] },
            { "overmap": "hayfield_ew", "pos": [ 2, 1, 0 ] },
            { "overmap": "hayfield_w", "pos": [ 1, 1, 0 ] },
            { "overmap": "hayfield_e", "pos": [ 4, 2, 0 ] },
            { "overmap": "hayfield_ew", "pos": [ 3, 2, 0 ] },
            { "overmap": "hayfield_ew", "pos": [ 2, 2, 0 ] },
            { "overmap": "hayfield_w", "pos": [ 1, 2, 0 ] },
            { "overmap": "hayfield_R_nw", "pos": [ 4, 3, 0 ] },
            { "overmap": "hayfield_ew", "pos": [ 3, 3, 0 ] },
            { "overmap": "hayfield_ew", "pos": [ 2, 3, 0 ] },
            { "overmap": "hayfield_L_ne", "pos": [ 1, 3, 0 ] },
            { "overmap": "farmland_sw", "pos": [ 4, 5, 0 ] },
            { "overmap": "farmland_ew", "pos": [ 3, 5, 0 ] },
            { "overmap": "farmland_ew", "pos": [ 2, 5, 0 ] },
            { "overmap": "farmland_se", "pos": [ 1, 5, 0 ] },
            { "overmap": "farmland_ns", "pos": [ 4, 6, 0 ] },
            { "overmap": "farmland_inside_sw", "pos": [ 3, 6, 0 ] },
            { "overmap": "farmland_inside_se", "pos": [ 2, 6, 0 ] },
            { "overmap": "farmland_ns", "pos": [ 1, 6, 0 ] },
            { "overmap": "farmland_ns", "pos": [ 4, 7, 0 ] },
            { "overmap": "farmland_inside_nw", "pos": [ 3, 7, 0 ] },
            { "overmap": "farmland_inside_ne", "pos": [ 2, 7, 0 ] },
            { "overmap": "farmland_ns", "pos": [ 1, 7, 0 ] },
            { "overmap": "farmland_nw", "pos": [ 4, 8, 0 ] },
            { "overmap": "farmland_ew", "pos": [ 3, 8, 0 ] },
            { "overmap": "farmland_ew", "pos": [ 2, 8, 0 ] },
            { "overmap": "farmland_ne", "pos": [ 1, 8, 0 ] }
          ],
          "max": { "poisson": 3 }
        },
        {
          "name": "farmland_9x9_3way",
          "chunk": [
            { "overmap": "air_farm_n", "pos": [ 0, 0, 10 ] },
            { "overmap": "dirt_road_ns", "pos": [ 0, 0, 0 ] },
            { "overmap": "dirt_road_ns", "pos": [ 0, 1, 0 ] },
            { "overmap": "dirt_road_nes", "pos": [ 0, 2, 0 ] },
            { "overmap": "dirt_road_ns", "pos": [ 0, 3, 0 ] },
            { "overmap": "dirt_road_new", "pos": [ 0, 4, 0 ] },
            { "overmap": "dirt_road_ew", "pos": [ -1, 4, 0 ] },
            { "overmap": "dirt_road_new", "pos": [ -2, 4, 0 ] },
            { "overmap": "dirt_road_esw", "pos": [ -3, 4, 0 ] },
            { "overmap": "dirt_road_ew", "pos": [ -4, 4, 0 ] },
            { "overmap": "air_farm_w", "pos": [ -4, 4, 10 ] },
            { "overmap": "dirt_road_esw", "pos": [ 1, 4, 0 ] },
            { "overmap": "dirt_road_ew", "pos": [ 2, 4, 0 ] },
            { "overmap": "dirt_road_ew", "pos": [ 3, 4, 0 ] },
            { "overmap": "dirt_road_ew", "pos": [ 4, 4, 0 ] },
            { "overmap": "air_farm_e", "pos": [ 4, 4, 10 ] },
            { "overmap": "forest_thick", "pos": [ 4, 5, 0 ] },
            { "overmap": "forest_thick", "pos": [ 4, 6, 0 ] },
            { "overmap": "forest_thick", "pos": [ 4, 7, 0 ] },
            { "overmap": "forest_thick", "pos": [ 4, 8, 0 ] },
            { "overmap": "farmland_sw", "pos": [ -1, 0, 0 ] },
            { "overmap": "farmland_ew", "pos": [ -2, 0, 0 ] },
            { "overmap": "farmland_ew", "pos": [ -3, 0, 0 ] },
            { "overmap": "farmland_se", "pos": [ -4, 0, 0 ] },
            { "overmap": "farmland_ns", "pos": [ -1, 1, 0 ] },
            { "overmap": "farmland_inside_sw", "pos": [ -2, 1, 0 ] },
            { "overmap": "farmland_inside_se", "pos": [ -3, 1, 0 ] },
            { "overmap": "farmland_ns", "pos": [ -4, 1, 0 ] },
            { "overmap": "farmland_ns", "pos": [ -1, 2, 0 ] },
            { "overmap": "farmland_inside_nw", "pos": [ -2, 2, 0 ] },
            { "overmap": "farmland_inside_ne", "pos": [ -3, 2, 0 ] },
            { "overmap": "farmland_ns", "pos": [ -4, 2, 0 ] },
            { "overmap": "farmland_nw", "pos": [ -1, 3, 0 ] },
            { "overmap": "farmland_ew", "pos": [ -2, 3, 0 ] },
            { "overmap": "farmland_ew", "pos": [ -3, 3, 0 ] },
            { "overmap": "farmland_ne", "pos": [ -4, 3, 0 ] },
            { "overmap": "hayfield_R_sw", "pos": [ -2, 5, 0 ] },
            { "overmap": "hayfield_n", "pos": [ -3, 5, 0 ] },
            { "overmap": "hayfield_L_se", "pos": [ -4, 5, 0 ] },
            { "overmap": "hayfield_ns", "pos": [ -2, 6, 0 ] },
            { "overmap": "hayfield_ns", "pos": [ -3, 6, 0 ] },
            { "overmap": "hayfield_ns", "pos": [ -4, 6, 0 ] },
            { "overmap": "hayfield_ns", "pos": [ -2, 7, 0 ] },
            { "overmap": "hayfield_ns", "pos": [ -3, 7, 0 ] },
            { "overmap": "hayfield_ns", "pos": [ -4, 7, 0 ] },
            { "overmap": "hayfield_L_nw", "pos": [ -2, 8, 0 ] },
            { "overmap": "hayfield_s", "pos": [ -3, 8, 0 ] },
            { "overmap": "hayfield_R_ne", "pos": [ -4, 8, 0 ] },
            { "overmap": "farmland_sw", "pos": [ 3, 5, 0 ] },
            { "overmap": "farmland_ew", "pos": [ 2, 5, 0 ] },
            { "overmap": "farmland_ew", "pos": [ 1, 5, 0 ] },
            { "overmap": "farmland_ew", "pos": [ 0, 5, 0 ] },
            { "overmap": "farmland_se", "pos": [ -1, 5, 0 ] },
            { "overmap": "farmland_ns", "pos": [ 3, 6, 0 ] },
            { "overmap": "farmland_inside_sw", "pos": [ 2, 6, 0 ] },
            { "overmap": "farmland_ew", "pos": [ 1, 6, 0 ] },
            { "overmap": "farmland_inside_se", "pos": [ 0, 6, 0 ] },
            { "overmap": "farmland_ns", "pos": [ -1, 6, 0 ] },
            { "overmap": "farmland_ns", "pos": [ 3, 7, 0 ] },
            { "overmap": "farmland_inside_nw", "pos": [ 2, 7, 0 ] },
            { "overmap": "farmland_ew", "pos": [ 1, 7, 0 ] },
            { "overmap": "farmland_inside_ne", "pos": [ 0, 7, 0 ] },
            { "overmap": "farmland_ns", "pos": [ -1, 7, 0 ] },
            { "overmap": "farmland_nw", "pos": [ 3, 8, 0 ] },
            { "overmap": "farmland_ew", "pos": [ 2, 8, 0 ] },
            { "overmap": "farmland_ew", "pos": [ 1, 8, 0 ] },
            { "overmap": "farmland_ew", "pos": [ 0, 8, 0 ] },
            { "overmap": "farmland_ne", "pos": [ -1, 8, 0 ] },
            { "overmap": "hayfield_L_sw", "pos": [ 4, 0, 0 ] },
            { "overmap": "hayfield_ew", "pos": [ 3, 0, 0 ] },
            { "overmap": "hayfield_ew", "pos": [ 2, 0, 0 ] },
            { "overmap": "hayfield_R_se", "pos": [ 1, 0, 0 ] },
            { "overmap": "hayfield_e", "pos": [ 4, 1, 0 ] },
            { "overmap": "hayfield_ew", "pos": [ 3, 1, 0 ] },
            { "overmap": "hayfield_ew", "pos": [ 2, 1, 0 ] },
            { "overmap": "hayfield_w", "pos": [ 1, 1, 0 ] },
            { "overmap": "hayfield_e", "pos": [ 4, 2, 0 ] },
            { "overmap": "hayfield_ew", "pos": [ 3, 2, 0 ] },
            { "overmap": "hayfield_ew", "pos": [ 2, 2, 0 ] },
            { "overmap": "hayfield_w", "pos": [ 1, 2, 0 ] },
            { "overmap": "hayfield_R_nw", "pos": [ 4, 3, 0 ] },
            { "overmap": "hayfield_ew", "pos": [ 3, 3, 0 ] },
            { "overmap": "hayfield_ew", "pos": [ 2, 3, 0 ] },
            { "overmap": "hayfield_L_ne", "pos": [ 1, 3, 0 ] }
          ],
          "max": { "poisson": 1 }
        },
        {
          "name": "farmland_9x9_4way_orchard",
          "chunk": [
            { "overmap": "air_farm_n", "pos": [ 0, 0, 10 ] },
            { "overmap": "dirt_road_ns", "pos": [ 0, 0, 0 ] },
            { "overmap": "dirt_road_nes", "pos": [ 0, 1, 0 ] },
            { "overmap": "dirt_road_ns", "pos": [ 0, 2, 0 ] },
            { "overmap": "dirt_road_nes", "pos": [ 0, 3, 0 ] },
            { "overmap": "dirt_road_nsw", "pos": [ 0, 4, 0 ] },
            { "overmap": "dirt_road_nes", "pos": [ 0, 5, 0 ] },
            { "overmap": "dirt_road_ns", "pos": [ 0, 6, 0 ] },
            { "overmap": "dirt_road_nsw", "pos": [ 0, 7, 0 ] },
            { "overmap": "dirt_road_ns", "pos": [ 0, 8, 0 ] },
            { "overmap": "air_farm_s", "pos": [ 0, 8, 10 ] },
            { "overmap": "dirt_road_ew", "pos": [ 1, 1, 0 ] },
            { "overmap": "dirt_road_esw", "pos": [ 2, 1, 0 ] },
            { "overmap": "dirt_road_ew", "pos": [ 3, 1, 0 ] },
            { "overmap": "dirt_road_sw", "pos": [ 4, 1, 0 ] },
            { "overmap": "dirt_road_ns", "pos": [ 4, 2, 0 ] },
            { "overmap": "dirt_road_nsw", "pos": [ 4, 3, 0 ] },
            { "overmap": "dirt_road_nes", "pos": [ 4, 4, 0 ] },
            { "overmap": "dirt_road_nw", "pos": [ 4, 5, 0 ] },
            { "overmap": "dirt_road_ew", "pos": [ 3, 5, 0 ] },
            { "overmap": "dirt_road_esw", "pos": [ 2, 5, 0 ] },
            { "overmap": "dirt_road_ew", "pos": [ 1, 5, 0 ] },
            { "overmap": "air_farm_e", "pos": [ 4, 4, 10 ] },
            { "overmap": "dirt_road_ew", "pos": [ -1, 4, 0 ] },
            { "overmap": "dirt_road_esw", "pos": [ -2, 4, 0 ] },
            { "overmap": "dirt_road_new", "pos": [ -3, 4, 0 ] },
            { "overmap": "dirt_road_ew", "pos": [ -4, 4, 0 ] },
            { "overmap": "air_farm_w", "pos": [ -4, 4, 10 ] },
            { "overmap": "forest_thick", "pos": [ 1, 0, 0 ] },
            { "overmap": "forest_thick", "pos": [ 2, 0, 0 ] },
            { "overmap": "forest_thick", "pos": [ 3, 0, 0 ] },
            { "overmap": "forest_thick", "pos": [ 4, 0, 0 ] },
            { "overmap": "orchard", "pos": [ 1, 2, 0 ] },
            { "overmap": "orchard", "pos": [ 2, 2, 0 ] },
            { "overmap": "orchard", "pos": [ 3, 2, 0 ] },
            { "overmap": "orchard", "pos": [ 1, 3, 0 ] },
            { "overmap": "orchard", "pos": [ 2, 3, 0 ] },
            { "overmap": "orchard", "pos": [ 3, 3, 0 ] },
            { "overmap": "orchard", "pos": [ 1, 4, 0 ] },
            { "overmap": "orchard", "pos": [ 2, 4, 0 ] },
            { "overmap": "orchard", "pos": [ 3, 4, 0 ] },
            { "overmap": "hayfield_L_se", "pos": [ -4, 0, 0 ] },
            { "overmap": "hayfield_n", "pos": [ -3, 0, 0 ] },
            { "overmap": "hayfield_n", "pos": [ -2, 0, 0 ] },
            { "overmap": "hayfield_R_sw", "pos": [ -1, 0, 0 ] },
            { "overmap": "hayfield_ns", "pos": [ -4, 1, 0 ] },
            { "overmap": "hayfield_ns", "pos": [ -3, 1, 0 ] },
            { "overmap": "hayfield_ns", "pos": [ -2, 1, 0 ] },
            { "overmap": "hayfield_ns", "pos": [ -1, 1, 0 ] },
            { "overmap": "hayfield_ns", "pos": [ -4, 2, 0 ] },
            { "overmap": "hayfield_ns", "pos": [ -3, 2, 0 ] },
            { "overmap": "hayfield_ns", "pos": [ -2, 2, 0 ] },
            { "overmap": "hayfield_ns", "pos": [ -1, 2, 0 ] },
            { "overmap": "hayfield_R_ne", "pos": [ -4, 3, 0 ] },
            { "overmap": "hayfield_s", "pos": [ -3, 3, 0 ] },
            { "overmap": "hayfield_s", "pos": [ -2, 3, 0 ] },
            { "overmap": "hayfield_L_nw", "pos": [ -1, 3, 0 ] },
            { "overmap": "farmland_se", "pos": [ -4, 5, 0 ] },
            { "overmap": "farmland_ew", "pos": [ -3, 5, 0 ] },
            { "overmap": "farmland_ew", "pos": [ -2, 5, 0 ] },
            { "overmap": "farmland_sw", "pos": [ -1, 5, 0 ] },
            { "overmap": "farmland_ne", "pos": [ -4, 6, 0 ] },
            { "overmap": "farmland_ew", "pos": [ -3, 6, 0 ] },
            { "overmap": "farmland_ew", "pos": [ -2, 6, 0 ] },
            { "overmap": "farmland_nw", "pos": [ -1, 6, 0 ] },
            { "overmap": "hayfield_R_se", "pos": [ -4, 7, 0 ] },
            { "overmap": "hayfield_ew", "pos": [ -3, 7, 0 ] },
            { "overmap": "hayfield_ew", "pos": [ -2, 7, 0 ] },
            { "overmap": "hayfield_L_sw", "pos": [ -1, 7, 0 ] },
            { "overmap": "hayfield_L_ne", "pos": [ -4, 8, 0 ] },
            { "overmap": "hayfield_ew", "pos": [ -3, 8, 0 ] },
            { "overmap": "hayfield_ew", "pos": [ -2, 8, 0 ] },
            { "overmap": "hayfield_R_nw", "pos": [ -1, 8, 0 ] },
            { "overmap": "farmland_se", "pos": [ 1, 6, 0 ] },
            { "overmap": "farmland_ew", "pos": [ 2, 6, 0 ] },
            { "overmap": "farmland_ew", "pos": [ 3, 6, 0 ] },
            { "overmap": "farmland_sw", "pos": [ 4, 6, 0 ] },
            { "overmap": "farmland_ns", "pos": [ 1, 7, 0 ] },
            { "overmap": "farmland_w", "pos": [ 2, 7, 0 ] },
            { "overmap": "farmland_e", "pos": [ 3, 7, 0 ] },
            { "overmap": "farmland_ns", "pos": [ 4, 7, 0 ] },
            { "overmap": "farmland_ne", "pos": [ 1, 8, 0 ] },
            { "overmap": "farmland_ew", "pos": [ 2, 8, 0 ] },
            { "overmap": "farmland_ew", "pos": [ 3, 8, 0 ] },
            { "overmap": "farmland_nw", "pos": [ 4, 8, 0 ] }
          ],
          "max": { "poisson": 1 }
        },
        {
          "name": "farmland_9x9_3way_silos",
          "chunk": [
            { "overmap": "air_farm_n", "pos": [ 0, 0, 10 ] },
            { "overmap": "dirt_road_ns", "pos": [ 0, 0, 0 ] },
            { "overmap": "dirt_road_nes", "pos": [ 0, 1, 0 ] },
            { "overmap": "dirt_road_ns", "pos": [ 0, 2, 0 ] },
            { "overmap": "dirt_road_nes", "pos": [ 0, 3, 0 ] },
            { "overmap": "dirt_road_new", "pos": [ 0, 4, 0 ] },
            { "overmap": "dirt_road_ew", "pos": [ -1, 4, 0 ] },
            { "overmap": "dirt_road_new", "pos": [ -2, 4, 0 ] },
            { "overmap": "dirt_road_ew", "pos": [ -3, 4, 0 ] },
            { "overmap": "dirt_road_ew", "pos": [ -4, 4, 0 ] },
            { "overmap": "air_farm_w", "pos": [ -4, 4, 10 ] },
            { "overmap": "dirt_road_ew", "pos": [ 1, 4, 0 ] },
            { "overmap": "dirt_road_esw", "pos": [ 2, 4, 0 ] },
            { "overmap": "dirt_road_ew", "pos": [ 3, 4, 0 ] },
            { "overmap": "dirt_road_ew", "pos": [ 4, 4, 0 ] },
            { "overmap": "air_farm_e", "pos": [ 4, 4, 10 ] },
            { "overmap": "dirt_road_nes", "pos": [ 2, 5, 0 ] },
            { "overmap": "dirt_road_new", "pos": [ 2, 6, 0 ] },
            { "overmap": "2silos_w", "pos": [ 3, 5, 0 ] },
            { "overmap": "2silos_w", "pos": [ 3, 6, 0 ] },
            { "overmap": "2silos_1_w", "pos": [ 3, 5, 1 ] },
            { "overmap": "2silos_1_w", "pos": [ 3, 6, 1 ] },
            { "overmap": "2silos_2_w", "pos": [ 3, 5, 2 ] },
            { "overmap": "2silos_2_w", "pos": [ 3, 6, 2 ] },
            { "overmap": "2silos_roof_w", "pos": [ 3, 5, 3 ] },
            { "overmap": "2silos_roof_w", "pos": [ 3, 6, 3 ] },
            { "overmap": "forest_thick", "pos": [ 4, 5, 0 ] },
            { "overmap": "forest_thick", "pos": [ 4, 6, 0 ] },
            { "overmap": "forest_thick", "pos": [ 4, 7, 0 ] },
            { "overmap": "forest_thick", "pos": [ 4, 8, 0 ] },
            { "overmap": "forest_thick", "pos": [ 3, 8, 0 ] },
            { "overmap": "forest_thick", "pos": [ 2, 8, 0 ] },
            { "overmap": "forest_thick", "pos": [ 3, 7, 0 ] },
            { "overmap": "forest_thick", "pos": [ 2, 7, 0 ] },
            { "overmap": "farmland_sw", "pos": [ -1, 0, 0 ] },
            { "overmap": "farmland_ew", "pos": [ -2, 0, 0 ] },
            { "overmap": "farmland_ew", "pos": [ -3, 0, 0 ] },
            { "overmap": "farmland_se", "pos": [ -4, 0, 0 ] },
            { "overmap": "farmland_ns", "pos": [ -1, 1, 0 ] },
            { "overmap": "farmland_inside_sw", "pos": [ -2, 1, 0 ] },
            { "overmap": "farmland_inside_se", "pos": [ -3, 1, 0 ] },
            { "overmap": "farmland_ns", "pos": [ -4, 1, 0 ] },
            { "overmap": "farmland_ns", "pos": [ -1, 2, 0 ] },
            { "overmap": "farmland_inside_nw", "pos": [ -2, 2, 0 ] },
            { "overmap": "farmland_inside_ne", "pos": [ -3, 2, 0 ] },
            { "overmap": "farmland_ns", "pos": [ -4, 2, 0 ] },
            { "overmap": "farmland_nw", "pos": [ -1, 3, 0 ] },
            { "overmap": "farmland_ew", "pos": [ -2, 3, 0 ] },
            { "overmap": "farmland_ew", "pos": [ -3, 3, 0 ] },
            { "overmap": "farmland_ne", "pos": [ -4, 3, 0 ] },
            { "overmap": "hayfield_R_se", "pos": [ -4, 5, 0 ] },
            { "overmap": "hayfield_ew", "pos": [ -3, 5, 0 ] },
            { "overmap": "hayfield_ew", "pos": [ -2, 5, 0 ] },
            { "overmap": "hayfield_ew", "pos": [ -1, 5, 0 ] },
            { "overmap": "hayfield_ew", "pos": [ 0, 5, 0 ] },
            { "overmap": "hayfield_L_sw", "pos": [ 1, 5, 0 ] },
            { "overmap": "hayfield_w", "pos": [ -4, 6, 0 ] },
            { "overmap": "hayfield_ew", "pos": [ -3, 6, 0 ] },
            { "overmap": "hayfield_ew", "pos": [ -2, 6, 0 ] },
            { "overmap": "hayfield_ew", "pos": [ -1, 6, 0 ] },
            { "overmap": "hayfield_ew", "pos": [ 0, 6, 0 ] },
            { "overmap": "hayfield_e", "pos": [ 1, 6, 0 ] },
            { "overmap": "hayfield_w", "pos": [ -4, 7, 0 ] },
            { "overmap": "hayfield_ew", "pos": [ -3, 7, 0 ] },
            { "overmap": "hayfield_ew", "pos": [ -2, 7, 0 ] },
            { "overmap": "hayfield_ew", "pos": [ -1, 7, 0 ] },
            { "overmap": "hayfield_ew", "pos": [ 0, 7, 0 ] },
            { "overmap": "hayfield_e", "pos": [ 1, 7, 0 ] },
            { "overmap": "hayfield_L_ne", "pos": [ -4, 8, 0 ] },
            { "overmap": "hayfield_ew", "pos": [ -3, 8, 0 ] },
            { "overmap": "hayfield_ew", "pos": [ -2, 8, 0 ] },
            { "overmap": "hayfield_ew", "pos": [ -1, 8, 0 ] },
            { "overmap": "hayfield_ew", "pos": [ 0, 8, 0 ] },
            { "overmap": "hayfield_R_nw", "pos": [ 1, 8, 0 ] },
            { "overmap": "farmland_se", "pos": [ 1, 2, 0 ] },
            { "overmap": "farmland_ew", "pos": [ 2, 2, 0 ] },
            { "overmap": "farmland_ew", "pos": [ 3, 2, 0 ] },
            { "overmap": "farmland_sw", "pos": [ 4, 2, 0 ] },
            { "overmap": "farmland_ne", "pos": [ 1, 3, 0 ] },
            { "overmap": "farmland_ew", "pos": [ 2, 3, 0 ] },
            { "overmap": "farmland_ew", "pos": [ 3, 3, 0 ] },
            { "overmap": "farmland_nw", "pos": [ 4, 3, 0 ] },
            { "overmap": "hayfield_R_se", "pos": [ 1, 0, 0 ] },
            { "overmap": "hayfield_ew", "pos": [ 2, 0, 0 ] },
            { "overmap": "hayfield_ew", "pos": [ 3, 0, 0 ] },
            { "overmap": "hayfield_L_sw", "pos": [ 4, 0, 0 ] },
            { "overmap": "hayfield_L_ne", "pos": [ 1, 1, 0 ] },
            { "overmap": "hayfield_ew", "pos": [ 2, 1, 0 ] },
            { "overmap": "hayfield_ew", "pos": [ 3, 1, 0 ] },
            { "overmap": "hayfield_R_nw", "pos": [ 4, 1, 0 ] }
          ],
          "max": { "poisson": 1 }
        }
      ],
      [
        {
          "name": "farmland_edge_large_1",
          "chunk": [
            { "overmap": "air_farm_n", "pos": [ 0, 0, 10 ] },
            { "overmap": "dirt_road_ns", "pos": [ 0, 0, 0 ] },
            { "overmap": "dirt_road_ns", "pos": [ 0, 1, 0 ] },
            { "overmap": "dirt_road_new", "pos": [ 0, 2, 0 ] },
            { "overmap": "forest_thick", "pos": [ 1, 0, 0 ] },
            { "overmap": "forest_thick", "pos": [ 2, 0, 0 ] },
            { "overmap": "forest_thick", "pos": [ 3, 0, 0 ] },
            { "overmap": "forest_thick", "pos": [ 4, 0, 0 ] },
            { "overmap": "farmland_se", "pos": [ 1, 1, 0 ] },
            { "overmap": "farmland_ew", "pos": [ 2, 1, 0 ] },
            { "overmap": "farmland_ew", "pos": [ 3, 1, 0 ] },
            { "overmap": "farmland_sw", "pos": [ 4, 1, 0 ] },
            { "overmap": "farmland_ns", "pos": [ 1, 2, 0 ] },
            { "overmap": "farmland_w", "pos": [ 2, 2, 0 ] },
            { "overmap": "farmland_e", "pos": [ 3, 2, 0 ] },
            { "overmap": "farmland_ns", "pos": [ 4, 2, 0 ] },
            { "overmap": "farmland_ne", "pos": [ 1, 3, 0 ] },
            { "overmap": "farmland_ew", "pos": [ 2, 3, 0 ] },
            { "overmap": "farmland_ew", "pos": [ 3, 3, 0 ] },
            { "overmap": "farmland_nw", "pos": [ 4, 3, 0 ] },
            { "overmap": "hayfield_L_se", "pos": [ -4, 0, 0 ] },
            { "overmap": "hayfield_n", "pos": [ -3, 0, 0 ] },
            { "overmap": "hayfield_n", "pos": [ -2, 0, 0 ] },
            { "overmap": "hayfield_R_sw", "pos": [ -1, 0, 0 ] },
            { "overmap": "hayfield_ns", "pos": [ -4, 1, 0 ] },
            { "overmap": "hayfield_ns", "pos": [ -3, 1, 0 ] },
            { "overmap": "hayfield_ns", "pos": [ -2, 1, 0 ] },
            { "overmap": "hayfield_ns", "pos": [ -1, 1, 0 ] },
            { "overmap": "hayfield_ns", "pos": [ -4, 2, 0 ] },
            { "overmap": "hayfield_ns", "pos": [ -3, 2, 0 ] },
            { "overmap": "hayfield_ns", "pos": [ -2, 2, 0 ] },
            { "overmap": "hayfield_ns", "pos": [ -1, 2, 0 ] },
            { "overmap": "hayfield_R_ne", "pos": [ -4, 3, 0 ] },
            { "overmap": "hayfield_s", "pos": [ -3, 3, 0 ] },
            { "overmap": "hayfield_s", "pos": [ -2, 3, 0 ] },
            { "overmap": "hayfield_L_nw", "pos": [ -1, 3, 0 ] }
          ],
          "weight": 1
        },
        {
          "name": "farmland_edge_large_2",
          "chunk": [
            { "overmap": "air_farm_n", "pos": [ 0, 0, 10 ] },
            { "overmap": "dirt_road_ns", "pos": [ 0, 0, 0 ] },
            { "overmap": "dirt_road_nes", "pos": [ 0, 1, 0 ] },
            { "overmap": "dirt_road_nw", "pos": [ 0, 2, 0 ] },
            { "overmap": "hayfield_L_sw", "pos": [ 4, 0, 0 ] },
            { "overmap": "hayfield_ew", "pos": [ 3, 0, 0 ] },
            { "overmap": "hayfield_ew", "pos": [ 2, 0, 0 ] },
            { "overmap": "hayfield_R_se", "pos": [ 1, 0, 0 ] },
            { "overmap": "hayfield_e", "pos": [ 4, 1, 0 ] },
            { "overmap": "hayfield_ew", "pos": [ 3, 1, 0 ] },
            { "overmap": "hayfield_ew", "pos": [ 2, 1, 0 ] },
            { "overmap": "hayfield_w", "pos": [ 1, 1, 0 ] },
            { "overmap": "hayfield_e", "pos": [ 4, 2, 0 ] },
            { "overmap": "hayfield_ew", "pos": [ 3, 2, 0 ] },
            { "overmap": "hayfield_ew", "pos": [ 2, 2, 0 ] },
            { "overmap": "hayfield_w", "pos": [ 1, 2, 0 ] },
            { "overmap": "hayfield_R_nw", "pos": [ 4, 3, 0 ] },
            { "overmap": "hayfield_ew", "pos": [ 3, 3, 0 ] },
            { "overmap": "hayfield_ew", "pos": [ 2, 3, 0 ] },
            { "overmap": "hayfield_L_ne", "pos": [ 1, 3, 0 ] },
            { "overmap": "farmland_sw", "pos": [ -1, 0, 0 ] },
            { "overmap": "farmland_ew", "pos": [ -2, 0, 0 ] },
            { "overmap": "farmland_ew", "pos": [ -3, 0, 0 ] },
            { "overmap": "farmland_se", "pos": [ -4, 0, 0 ] },
            { "overmap": "farmland_ns", "pos": [ -1, 1, 0 ] },
            { "overmap": "farmland_inside_sw", "pos": [ -2, 1, 0 ] },
            { "overmap": "farmland_inside_se", "pos": [ -3, 1, 0 ] },
            { "overmap": "farmland_ns", "pos": [ -4, 1, 0 ] },
            { "overmap": "farmland_ns", "pos": [ -1, 2, 0 ] },
            { "overmap": "farmland_inside_nw", "pos": [ -2, 2, 0 ] },
            { "overmap": "farmland_inside_ne", "pos": [ -3, 2, 0 ] },
            { "overmap": "farmland_ns", "pos": [ -4, 2, 0 ] },
            { "overmap": "farmland_nw", "pos": [ -1, 3, 0 ] },
            { "overmap": "farmland_ew", "pos": [ -2, 3, 0 ] },
            { "overmap": "farmland_ew", "pos": [ -3, 3, 0 ] },
            { "overmap": "farmland_ne", "pos": [ -4, 3, 0 ] }
          ],
          "weight": 1
        }
      ],
      [
        {
          "name": "farmland_edge_small_L_1",
          "chunk": [
            { "overmap": "air_farm_n", "pos": [ 0, 0, 10 ] },
            { "overmap": "dirt_road_ns", "pos": [ 0, 0, 0 ] },
            { "overmap": "dirt_road_nsw", "pos": [ 0, 1, 0 ] },
            { "overmap": "dirt_road_ns", "pos": [ 0, 2, 0 ] },
            { "overmap": "2silos_n", "pos": [ 0, 3, 0 ] },
            { "overmap": "2silos_1_n", "pos": [ 0, 3, 1 ] },
            { "overmap": "2silos_2_n", "pos": [ 0, 3, 2 ] },
            { "overmap": "2silos_roof_n", "pos": [ 0, 3, 3 ] },
            { "overmap": "hayfield_L_se", "pos": [ -4, 0, 0 ] },
            { "overmap": "hayfield_n", "pos": [ -3, 0, 0 ] },
            { "overmap": "hayfield_n", "pos": [ -2, 0, 0 ] },
            { "overmap": "hayfield_R_sw", "pos": [ -1, 0, 0 ] },
            { "overmap": "hayfield_ns", "pos": [ -4, 1, 0 ] },
            { "overmap": "hayfield_ns", "pos": [ -3, 1, 0 ] },
            { "overmap": "hayfield_ns", "pos": [ -2, 1, 0 ] },
            { "overmap": "hayfield_ns", "pos": [ -1, 1, 0 ] },
            { "overmap": "hayfield_ns", "pos": [ -4, 2, 0 ] },
            { "overmap": "hayfield_ns", "pos": [ -3, 2, 0 ] },
            { "overmap": "hayfield_ns", "pos": [ -2, 2, 0 ] },
            { "overmap": "hayfield_ns", "pos": [ -1, 2, 0 ] },
            { "overmap": "hayfield_R_ne", "pos": [ -4, 3, 0 ] },
            { "overmap": "hayfield_s", "pos": [ -3, 3, 0 ] },
            { "overmap": "hayfield_s", "pos": [ -2, 3, 0 ] },
            { "overmap": "hayfield_L_nw", "pos": [ -1, 3, 0 ] }
          ],
          "weight": 1
        },
        {
          "name": "farmland_edge_small_L_2",
          "chunk": [
            { "overmap": "air_farm_n", "pos": [ 0, 0, 10 ] },
            { "overmap": "dirt_road_ns", "pos": [ 0, 0, 0 ] },
            { "overmap": "dirt_road_nw", "pos": [ 0, 1, 0 ] },
            { "overmap": "farmland_se", "pos": [ -4, 0, 0 ] },
            { "overmap": "farmland_ew", "pos": [ -3, 0, 0 ] },
            { "overmap": "farmland_ew", "pos": [ -2, 0, 0 ] },
            { "overmap": "farmland_sw", "pos": [ -1, 0, 0 ] },
            { "overmap": "farmland_ns", "pos": [ -4, 1, 0 ] },
            { "overmap": "farmland_w", "pos": [ -3, 1, 0 ] },
            { "overmap": "farmland_e", "pos": [ -2, 1, 0 ] },
            { "overmap": "farmland_ns", "pos": [ -1, 1, 0 ] },
            { "overmap": "farmland_ne", "pos": [ -4, 2, 0 ] },
            { "overmap": "farmland_ew", "pos": [ -3, 2, 0 ] },
            { "overmap": "farmland_ew", "pos": [ -2, 2, 0 ] },
            { "overmap": "farmland_nw", "pos": [ -1, 2, 0 ] }
          ],
          "weight": 1
        }
      ],
      [
        {
          "name": "farmland_edge_small_R_1",
          "chunk": [
            { "overmap": "air_farm_n", "pos": [ 0, 0, 10 ] },
            { "overmap": "dirt_road_ns", "pos": [ 0, 0, 0 ] },
            { "overmap": "dirt_road_ns", "pos": [ 0, 1, 0 ] },
            { "overmap": "dirt_road_ne", "pos": [ 0, 2, 0 ] },
            { "overmap": "forest_thick", "pos": [ 1, 0, 0 ] },
            { "overmap": "forest_thick", "pos": [ 2, 0, 0 ] },
            { "overmap": "forest_thick", "pos": [ 3, 0, 0 ] },
            { "overmap": "forest_thick", "pos": [ 4, 0, 0 ] },
            { "overmap": "orchard", "pos": [ 1, 1, 0 ] },
            { "overmap": "orchard", "pos": [ 2, 1, 0 ] },
            { "overmap": "orchard", "pos": [ 3, 1, 0 ] },
            { "overmap": "orchard", "pos": [ 4, 1, 0 ] },
            { "overmap": "orchard", "pos": [ 1, 2, 0 ] },
            { "overmap": "orchard", "pos": [ 2, 2, 0 ] },
            { "overmap": "orchard", "pos": [ 3, 2, 0 ] },
            { "overmap": "orchard", "pos": [ 4, 2, 0 ] },
            { "overmap": "orchard", "pos": [ 1, 3, 0 ] },
            { "overmap": "orchard", "pos": [ 2, 3, 0 ] },
            { "overmap": "orchard", "pos": [ 3, 3, 0 ] },
            { "overmap": "orchard", "pos": [ 4, 3, 0 ] }
          ],
          "weight": 1
        },
        {
          "name": "farmland_edge_small_R_2",
          "chunk": [
            { "overmap": "air_farm_n", "pos": [ 0, 0, 10 ] },
            { "overmap": "dirt_road_ns", "pos": [ 0, 0, 0 ] },
            { "overmap": "dirt_road_ns", "pos": [ 0, 1, 0 ] },
            { "overmap": "dirt_road_ne", "pos": [ 0, 2, 0 ] },
            { "overmap": "forest_thick", "pos": [ 1, 0, 0 ] },
            { "overmap": "forest_thick", "pos": [ 2, 0, 0 ] },
            { "overmap": "forest_thick", "pos": [ 3, 0, 0 ] },
            { "overmap": "forest_thick", "pos": [ 4, 0, 0 ] },
            { "overmap": "farmland_se", "pos": [ 1, 1, 0 ] },
            { "overmap": "farmland_ew", "pos": [ 2, 1, 0 ] },
            { "overmap": "farmland_ew", "pos": [ 3, 1, 0 ] },
            { "overmap": "farmland_sw", "pos": [ 4, 1, 0 ] },
            { "overmap": "farmland_ns", "pos": [ 1, 2, 0 ] },
            { "overmap": "farmland_w", "pos": [ 2, 2, 0 ] },
            { "overmap": "farmland_e", "pos": [ 3, 2, 0 ] },
            { "overmap": "farmland_ns", "pos": [ 4, 2, 0 ] },
            { "overmap": "farmland_ne", "pos": [ 1, 3, 0 ] },
            { "overmap": "farmland_ew", "pos": [ 2, 3, 0 ] },
            { "overmap": "farmland_ew", "pos": [ 3, 3, 0 ] },
            { "overmap": "farmland_nw", "pos": [ 4, 3, 0 ] }
          ],
          "weight": 1
        }
      ],
      [
        {
          "name": "extra_4x4_hay",
          "chunk": [
            { "overmap": "hayfield_L_se", "pos": [ -2, 0, 0 ] },
            { "overmap": "hayfield_n", "pos": [ -1, 0, 0 ] },
            { "overmap": "hayfield_n", "pos": [ 0, 0, 0 ] },
            { "overmap": "hayfield_R_sw", "pos": [ 1, 0, 0 ] },
            { "overmap": "hayfield_ns", "pos": [ -2, 1, 0 ] },
            { "overmap": "hayfield_ns", "pos": [ -1, 1, 0 ] },
            { "overmap": "hayfield_ns", "pos": [ 0, 1, 0 ] },
            { "overmap": "hayfield_ns", "pos": [ 1, 1, 0 ] },
            { "overmap": "hayfield_ns", "pos": [ -2, 2, 0 ] },
            { "overmap": "hayfield_ns", "pos": [ -1, 2, 0 ] },
            { "overmap": "hayfield_ns", "pos": [ 0, 2, 0 ] },
            { "overmap": "hayfield_ns", "pos": [ 1, 2, 0 ] },
            { "overmap": "hayfield_R_ne", "pos": [ -2, 3, 0 ] },
            { "overmap": "hayfield_s", "pos": [ -1, 3, 0 ] },
            { "overmap": "hayfield_s", "pos": [ 0, 3, 0 ] },
            { "overmap": "hayfield_L_nw", "pos": [ 1, 3, 0 ] },
            { "overmap": "air_extra_n", "pos": [ 0, 0, 10 ] }
          ],
          "weight": 1
        },
        {
          "name": "extra_4x4_crop",
          "chunk": [
            { "overmap": "farmland_sw", "pos": [ 1, 0, 0 ] },
            { "overmap": "farmland_ew", "pos": [ 0, 0, 0 ] },
            { "overmap": "farmland_ew", "pos": [ -1, 0, 0 ] },
            { "overmap": "farmland_se", "pos": [ -2, 0, 0 ] },
            { "overmap": "farmland_ns", "pos": [ 1, 1, 0 ] },
            { "overmap": "farmland_inside_sw", "pos": [ 0, 1, 0 ] },
            { "overmap": "farmland_inside_se", "pos": [ -1, 1, 0 ] },
            { "overmap": "farmland_ns", "pos": [ -2, 1, 0 ] },
            { "overmap": "farmland_ns", "pos": [ 1, 2, 0 ] },
            { "overmap": "farmland_inside_nw", "pos": [ 0, 2, 0 ] },
            { "overmap": "farmland_inside_ne", "pos": [ -1, 2, 0 ] },
            { "overmap": "farmland_ns", "pos": [ -2, 2, 0 ] },
            { "overmap": "farmland_nw", "pos": [ 1, 3, 0 ] },
            { "overmap": "farmland_ew", "pos": [ 0, 3, 0 ] },
            { "overmap": "farmland_ew", "pos": [ -1, 3, 0 ] },
            { "overmap": "farmland_ne", "pos": [ -2, 3, 0 ] },
            { "overmap": "air_extra_n", "pos": [ 0, 0, 10 ] }
          ],
          "weight": 1
        },
        {
          "name": "extra_4x2_barn",
          "chunk": [
            { "overmap": "2farm_4", "pos": [ -1, -1, 0 ] },
            { "overmap": "2farm_roof_4", "pos": [ -1, -1, 1 ] },
            { "overmap": "2farm_3", "pos": [ 0, -1, 0 ] },
            { "overmap": "2farm_loft_3", "pos": [ 0, -1, 1 ] },
            { "overmap": "2farm_roof_3", "pos": [ 0, -1, 2 ] },
            { "overmap": "2farm_2", "pos": [ 1, -1, 0 ] },
            { "overmap": "2farm_1", "pos": [ 2, -1, 0 ] },
            { "overmap": "2farm_8", "pos": [ -1, 0, 0 ] },
            { "overmap": "2farm_7", "pos": [ 0, 0, 0 ] },
            { "overmap": "2farm_6", "pos": [ 1, 0, 0 ] },
            { "overmap": "2farm_6_1", "pos": [ 1, 0, 1 ] },
            { "overmap": "2farm_6_2", "pos": [ 1, 0, 2 ] },
            { "overmap": "2farm_6_1", "pos": [ 1, 0, 3 ] },
            { "overmap": "2farm_6_2", "pos": [ 1, 0, 4 ] },
            { "overmap": "2farm_6_3", "pos": [ 1, 0, 5 ] },
            { "overmap": "2farm_5", "pos": [ 2, 0, 0 ] },
            { "overmap": "air_extra_s", "pos": [ 0, 0, 10 ] }
          ],
          "weight": 1
        }
      ],
      [
        {
          "name": "extra_1x1_road",
          "chunk": [ { "overmap": "air_extra_w", "pos": [ 0, 0, 10 ] }, { "overmap": "dirt_road_ew", "pos": [ 0, 0, 0 ] } ],
          "weight": 1
        },
        {
          "name": "extra_2x1_silo",
          "chunk": [
            { "overmap": "air_extra_w", "pos": [ 0, 0, 10 ] },
            { "overmap": "dirt_road_new", "pos": [ 0, 0, 0 ] },
            { "overmap": "2silos_s", "pos": [ 0, -1, 0 ] },
            { "overmap": "2silos_1_s", "pos": [ 0, -1, 1 ] },
            { "overmap": "2silos_2_s", "pos": [ 0, -1, 2 ] },
            { "overmap": "2silos_roof_s", "pos": [ 0, -1, 3 ] }
          ],
          "weight": 1
        }
      ],
      [
        {
          "name": "farm_exit",
          "chunk": [ { "overmap": "dirt_road_ns_road_n", "pos": [ 0, 0, 0 ] }, { "overmap": "air_farm_s", "pos": [ 0, 0, 10 ] } ],
          "max": 1
        }
      ],
      [ { "name": "farmland_end", "chunk": [ { "overmap": "air_farm_ending", "pos": [ 0, 0, 10 ] } ], "max": 1 } ]
    ]
  }
]
